region_id,stock,year,value
BHI-001,sprat_SDs22_32,1974,0.8245614035087719
BHI-001,sprat_SDs22_32,1975,0.6368421052631579
BHI-001,sprat_SDs22_32,1976,0.5482456140350878
BHI-001,sprat_SDs22_32,1977,0.9157894736842105
BHI-001,sprat_SDs22_32,1978,0.6096491228070176
BHI-001,sprat_SDs22_32,1979,0.3307017543859649
BHI-001,sprat_SDs22_32,1980,0.19912280701754387
BHI-001,sprat_SDs22_32,1981,0.17456140350877192
BHI-001,sprat_SDs22_32,1982,0.22280701754385965
BHI-001,sprat_SDs22_32,1983,0.3456140350877193
BHI-001,sprat_SDs22_32,1984,0.5403508771929825
BHI-001,sprat_SDs22_32,1985,0.5307017543859649
BHI-001,sprat_SDs22_32,1986,0.5
BHI-001,sprat_SDs22_32,1987,0.4043859649122807
BHI-001,sprat_SDs22_32,1988,0.35350877192982455
BHI-001,sprat_SDs22_32,1989,0.37105263157894736
BHI-001,sprat_SDs22_32,1990,0.48771929824561405
BHI-001,sprat_SDs22_32,1991,0.6798245614035088
BHI-001,sprat_SDs22_32,1992,0.9166666666666666
BHI-001,sprat_SDs22_32,1993,1.1929824561403508
BHI-001,sprat_SDs22_32,1994,1.206140350877193
BHI-001,sprat_SDs22_32,1995,1.2535087719298246
BHI-001,sprat_SDs22_32,1996,1.5885964912280701
BHI-001,sprat_SDs22_32,1997,1.5587719298245615
BHI-001,sprat_SDs22_32,1998,1.187719298245614
BHI-001,sprat_SDs22_32,1999,1.186842105263158
BHI-001,sprat_SDs22_32,2000,1.157017543859649
BHI-001,sprat_SDs22_32,2001,1.0491228070175438
BHI-001,sprat_SDs22_32,2002,0.8263157894736842
BHI-001,sprat_SDs22_32,2003,0.7271929824561404
BHI-001,sprat_SDs22_32,2004,0.9122807017543859
BHI-001,sprat_SDs22_32,2005,1.1614035087719299
BHI-001,sprat_SDs22_32,2006,0.9254385964912281
BHI-001,sprat_SDs22_32,2007,0.787719298245614
BHI-001,sprat_SDs22_32,2008,0.8078947368421052
BHI-001,sprat_SDs22_32,2009,0.7254385964912281
BHI-001,sprat_SDs22_32,2010,0.8315789473684211
BHI-001,sprat_SDs22_32,2011,0.6596491228070176
BHI-001,sprat_SDs22_32,2012,0.6087719298245614
BHI-001,sprat_SDs22_32,2013,0.6192982456140351
BHI-001,sprat_SDs22_32,2014,0.543859649122807
BHI-001,sprat_SDs22_32,2015,0.5964912280701754
BHI-001,sprat_SDs22_32,2016,0.9447368421052632
BHI-001,sprat_SDs22_32,2017,0.9605263157894737
BHI-001,sprat_SDs22_32,2018,0.8614035087719298
BHI-001,sprat_SDs22_32,2019,0.75
BHI-001,sprat_SDs22_32,2020,0.7166666666666667
BHI-002,sprat_SDs22_32,1974,0.8245614035087719
BHI-002,sprat_SDs22_32,1975,0.6368421052631579
BHI-002,sprat_SDs22_32,1976,0.5482456140350878
BHI-002,sprat_SDs22_32,1977,0.9157894736842105
BHI-002,sprat_SDs22_32,1978,0.6096491228070176
BHI-002,sprat_SDs22_32,1979,0.3307017543859649
BHI-002,sprat_SDs22_32,1980,0.19912280701754387
BHI-002,sprat_SDs22_32,1981,0.17456140350877192
BHI-002,sprat_SDs22_32,1982,0.22280701754385965
BHI-002,sprat_SDs22_32,1983,0.3456140350877193
BHI-002,sprat_SDs22_32,1984,0.5403508771929825
BHI-002,sprat_SDs22_32,1985,0.5307017543859649
BHI-002,sprat_SDs22_32,1986,0.5
BHI-002,sprat_SDs22_32,1987,0.4043859649122807
BHI-002,sprat_SDs22_32,1988,0.35350877192982455
BHI-002,sprat_SDs22_32,1989,0.37105263157894736
BHI-002,sprat_SDs22_32,1990,0.48771929824561405
BHI-002,sprat_SDs22_32,1991,0.6798245614035088
BHI-002,sprat_SDs22_32,1992,0.9166666666666666
BHI-002,sprat_SDs22_32,1993,1.1929824561403508
BHI-002,sprat_SDs22_32,1994,1.206140350877193
BHI-002,sprat_SDs22_32,1995,1.2535087719298246
BHI-002,sprat_SDs22_32,1996,1.5885964912280701
BHI-002,sprat_SDs22_32,1997,1.5587719298245615
BHI-002,sprat_SDs22_32,1998,1.187719298245614
BHI-002,sprat_SDs22_32,1999,1.186842105263158
BHI-002,sprat_SDs22_32,2000,1.157017543859649
BHI-002,sprat_SDs22_32,2001,1.0491228070175438
BHI-002,sprat_SDs22_32,2002,0.8263157894736842
BHI-002,sprat_SDs22_32,2003,0.7271929824561404
BHI-002,sprat_SDs22_32,2004,0.9122807017543859
BHI-002,sprat_SDs22_32,2005,1.1614035087719299
BHI-002,sprat_SDs22_32,2006,0.9254385964912281
BHI-002,sprat_SDs22_32,2007,0.787719298245614
BHI-002,sprat_SDs22_32,2008,0.8078947368421052
BHI-002,sprat_SDs22_32,2009,0.7254385964912281
BHI-002,sprat_SDs22_32,2010,0.8315789473684211
BHI-002,sprat_SDs22_32,2011,0.6596491228070176
BHI-002,sprat_SDs22_32,2012,0.6087719298245614
BHI-002,sprat_SDs22_32,2013,0.6192982456140351
BHI-002,sprat_SDs22_32,2014,0.543859649122807
BHI-002,sprat_SDs22_32,2015,0.5964912280701754
BHI-002,sprat_SDs22_32,2016,0.9447368421052632
BHI-002,sprat_SDs22_32,2017,0.9605263157894737
BHI-002,sprat_SDs22_32,2018,0.8614035087719298
BHI-002,sprat_SDs22_32,2019,0.75
BHI-002,sprat_SDs22_32,2020,0.7166666666666667
BHI-003,sprat_SDs22_32,1974,0.8245614035087719
BHI-003,sprat_SDs22_32,1975,0.6368421052631579
BHI-003,sprat_SDs22_32,1976,0.5482456140350878
BHI-003,sprat_SDs22_32,1977,0.9157894736842105
BHI-003,sprat_SDs22_32,1978,0.6096491228070176
BHI-003,sprat_SDs22_32,1979,0.3307017543859649
BHI-003,sprat_SDs22_32,1980,0.19912280701754387
BHI-003,sprat_SDs22_32,1981,0.17456140350877192
BHI-003,sprat_SDs22_32,1982,0.22280701754385965
BHI-003,sprat_SDs22_32,1983,0.3456140350877193
BHI-003,sprat_SDs22_32,1984,0.5403508771929825
BHI-003,sprat_SDs22_32,1985,0.5307017543859649
BHI-003,sprat_SDs22_32,1986,0.5
BHI-003,sprat_SDs22_32,1987,0.4043859649122807
BHI-003,sprat_SDs22_32,1988,0.35350877192982455
BHI-003,sprat_SDs22_32,1989,0.37105263157894736
BHI-003,sprat_SDs22_32,1990,0.48771929824561405
BHI-003,sprat_SDs22_32,1991,0.6798245614035088
BHI-003,sprat_SDs22_32,1992,0.9166666666666666
BHI-003,sprat_SDs22_32,1993,1.1929824561403508
BHI-003,sprat_SDs22_32,1994,1.206140350877193
BHI-003,sprat_SDs22_32,1995,1.2535087719298246
BHI-003,sprat_SDs22_32,1996,1.5885964912280701
BHI-003,sprat_SDs22_32,1997,1.5587719298245615
BHI-003,sprat_SDs22_32,1998,1.187719298245614
BHI-003,sprat_SDs22_32,1999,1.186842105263158
BHI-003,sprat_SDs22_32,2000,1.157017543859649
BHI-003,sprat_SDs22_32,2001,1.0491228070175438
BHI-003,sprat_SDs22_32,2002,0.8263157894736842
BHI-003,sprat_SDs22_32,2003,0.7271929824561404
BHI-003,sprat_SDs22_32,2004,0.9122807017543859
BHI-003,sprat_SDs22_32,2005,1.1614035087719299
BHI-003,sprat_SDs22_32,2006,0.9254385964912281
BHI-003,sprat_SDs22_32,2007,0.787719298245614
BHI-003,sprat_SDs22_32,2008,0.8078947368421052
BHI-003,sprat_SDs22_32,2009,0.7254385964912281
BHI-003,sprat_SDs22_32,2010,0.8315789473684211
BHI-003,sprat_SDs22_32,2011,0.6596491228070176
BHI-003,sprat_SDs22_32,2012,0.6087719298245614
BHI-003,sprat_SDs22_32,2013,0.6192982456140351
BHI-003,sprat_SDs22_32,2014,0.543859649122807
BHI-003,sprat_SDs22_32,2015,0.5964912280701754
BHI-003,sprat_SDs22_32,2016,0.9447368421052632
BHI-003,sprat_SDs22_32,2017,0.9605263157894737
BHI-003,sprat_SDs22_32,2018,0.8614035087719298
BHI-003,sprat_SDs22_32,2019,0.75
BHI-003,sprat_SDs22_32,2020,0.7166666666666667
BHI-005,sprat_SDs22_32,1974,0.8245614035087719
BHI-005,sprat_SDs22_32,1975,0.6368421052631579
BHI-005,sprat_SDs22_32,1976,0.5482456140350878
BHI-005,sprat_SDs22_32,1977,0.9157894736842105
BHI-005,sprat_SDs22_32,1978,0.6096491228070176
BHI-005,sprat_SDs22_32,1979,0.3307017543859649
BHI-005,sprat_SDs22_32,1980,0.19912280701754387
BHI-005,sprat_SDs22_32,1981,0.17456140350877192
BHI-005,sprat_SDs22_32,1982,0.22280701754385965
BHI-005,sprat_SDs22_32,1983,0.3456140350877193
BHI-005,sprat_SDs22_32,1984,0.5403508771929825
BHI-005,sprat_SDs22_32,1985,0.5307017543859649
BHI-005,sprat_SDs22_32,1986,0.5
BHI-005,sprat_SDs22_32,1987,0.4043859649122807
BHI-005,sprat_SDs22_32,1988,0.35350877192982455
BHI-005,sprat_SDs22_32,1989,0.37105263157894736
BHI-005,sprat_SDs22_32,1990,0.48771929824561405
BHI-005,sprat_SDs22_32,1991,0.6798245614035088
BHI-005,sprat_SDs22_32,1992,0.9166666666666666
BHI-005,sprat_SDs22_32,1993,1.1929824561403508
BHI-005,sprat_SDs22_32,1994,1.206140350877193
BHI-005,sprat_SDs22_32,1995,1.2535087719298246
BHI-005,sprat_SDs22_32,1996,1.5885964912280701
BHI-005,sprat_SDs22_32,1997,1.5587719298245615
BHI-005,sprat_SDs22_32,1998,1.187719298245614
BHI-005,sprat_SDs22_32,1999,1.186842105263158
BHI-005,sprat_SDs22_32,2000,1.157017543859649
BHI-005,sprat_SDs22_32,2001,1.0491228070175438
BHI-005,sprat_SDs22_32,2002,0.8263157894736842
BHI-005,sprat_SDs22_32,2003,0.7271929824561404
BHI-005,sprat_SDs22_32,2004,0.9122807017543859
BHI-005,sprat_SDs22_32,2005,1.1614035087719299
BHI-005,sprat_SDs22_32,2006,0.9254385964912281
BHI-005,sprat_SDs22_32,2007,0.787719298245614
BHI-005,sprat_SDs22_32,2008,0.8078947368421052
BHI-005,sprat_SDs22_32,2009,0.7254385964912281
BHI-005,sprat_SDs22_32,2010,0.8315789473684211
BHI-005,sprat_SDs22_32,2011,0.6596491228070176
BHI-005,sprat_SDs22_32,2012,0.6087719298245614
BHI-005,sprat_SDs22_32,2013,0.6192982456140351
BHI-005,sprat_SDs22_32,2014,0.543859649122807
BHI-005,sprat_SDs22_32,2015,0.5964912280701754
BHI-005,sprat_SDs22_32,2016,0.9447368421052632
BHI-005,sprat_SDs22_32,2017,0.9605263157894737
BHI-005,sprat_SDs22_32,2018,0.8614035087719298
BHI-005,sprat_SDs22_32,2019,0.75
BHI-005,sprat_SDs22_32,2020,0.7166666666666667
BHI-006,sprat_SDs22_32,1974,0.8245614035087719
BHI-006,sprat_SDs22_32,1975,0.6368421052631579
BHI-006,sprat_SDs22_32,1976,0.5482456140350878
BHI-006,sprat_SDs22_32,1977,0.9157894736842105
BHI-006,sprat_SDs22_32,1978,0.6096491228070176
BHI-006,sprat_SDs22_32,1979,0.3307017543859649
BHI-006,sprat_SDs22_32,1980,0.19912280701754387
BHI-006,sprat_SDs22_32,1981,0.17456140350877192
BHI-006,sprat_SDs22_32,1982,0.22280701754385965
BHI-006,sprat_SDs22_32,1983,0.3456140350877193
BHI-006,sprat_SDs22_32,1984,0.5403508771929825
BHI-006,sprat_SDs22_32,1985,0.5307017543859649
BHI-006,sprat_SDs22_32,1986,0.5
BHI-006,sprat_SDs22_32,1987,0.4043859649122807
BHI-006,sprat_SDs22_32,1988,0.35350877192982455
BHI-006,sprat_SDs22_32,1989,0.37105263157894736
BHI-006,sprat_SDs22_32,1990,0.48771929824561405
BHI-006,sprat_SDs22_32,1991,0.6798245614035088
BHI-006,sprat_SDs22_32,1992,0.9166666666666666
BHI-006,sprat_SDs22_32,1993,1.1929824561403508
BHI-006,sprat_SDs22_32,1994,1.206140350877193
BHI-006,sprat_SDs22_32,1995,1.2535087719298246
BHI-006,sprat_SDs22_32,1996,1.5885964912280701
BHI-006,sprat_SDs22_32,1997,1.5587719298245615
BHI-006,sprat_SDs22_32,1998,1.187719298245614
BHI-006,sprat_SDs22_32,1999,1.186842105263158
BHI-006,sprat_SDs22_32,2000,1.157017543859649
BHI-006,sprat_SDs22_32,2001,1.0491228070175438
BHI-006,sprat_SDs22_32,2002,0.8263157894736842
BHI-006,sprat_SDs22_32,2003,0.7271929824561404
BHI-006,sprat_SDs22_32,2004,0.9122807017543859
BHI-006,sprat_SDs22_32,2005,1.1614035087719299
BHI-006,sprat_SDs22_32,2006,0.9254385964912281
BHI-006,sprat_SDs22_32,2007,0.787719298245614
BHI-006,sprat_SDs22_32,2008,0.8078947368421052
BHI-006,sprat_SDs22_32,2009,0.7254385964912281
BHI-006,sprat_SDs22_32,2010,0.8315789473684211
BHI-006,sprat_SDs22_32,2011,0.6596491228070176
BHI-006,sprat_SDs22_32,2012,0.6087719298245614
BHI-006,sprat_SDs22_32,2013,0.6192982456140351
BHI-006,sprat_SDs22_32,2014,0.543859649122807
BHI-006,sprat_SDs22_32,2015,0.5964912280701754
BHI-006,sprat_SDs22_32,2016,0.9447368421052632
BHI-006,sprat_SDs22_32,2017,0.9605263157894737
BHI-006,sprat_SDs22_32,2018,0.8614035087719298
BHI-006,sprat_SDs22_32,2019,0.75
BHI-006,sprat_SDs22_32,2020,0.7166666666666667
BHI-007,sprat_SDs22_32,1974,0.8245614035087719
BHI-007,sprat_SDs22_32,1975,0.6368421052631579
BHI-007,sprat_SDs22_32,1976,0.5482456140350878
BHI-007,sprat_SDs22_32,1977,0.9157894736842105
BHI-007,sprat_SDs22_32,1978,0.6096491228070176
BHI-007,sprat_SDs22_32,1979,0.3307017543859649
BHI-007,sprat_SDs22_32,1980,0.19912280701754387
BHI-007,sprat_SDs22_32,1981,0.17456140350877192
BHI-007,sprat_SDs22_32,1982,0.22280701754385965
BHI-007,sprat_SDs22_32,1983,0.3456140350877193
BHI-007,sprat_SDs22_32,1984,0.5403508771929825
BHI-007,sprat_SDs22_32,1985,0.5307017543859649
BHI-007,sprat_SDs22_32,1986,0.5
BHI-007,sprat_SDs22_32,1987,0.4043859649122807
BHI-007,sprat_SDs22_32,1988,0.35350877192982455
BHI-007,sprat_SDs22_32,1989,0.37105263157894736
BHI-007,sprat_SDs22_32,1990,0.48771929824561405
BHI-007,sprat_SDs22_32,1991,0.6798245614035088
BHI-007,sprat_SDs22_32,1992,0.9166666666666666
BHI-007,sprat_SDs22_32,1993,1.1929824561403508
BHI-007,sprat_SDs22_32,1994,1.206140350877193
BHI-007,sprat_SDs22_32,1995,1.2535087719298246
BHI-007,sprat_SDs22_32,1996,1.5885964912280701
BHI-007,sprat_SDs22_32,1997,1.5587719298245615
BHI-007,sprat_SDs22_32,1998,1.187719298245614
BHI-007,sprat_SDs22_32,1999,1.186842105263158
BHI-007,sprat_SDs22_32,2000,1.157017543859649
BHI-007,sprat_SDs22_32,2001,1.0491228070175438
BHI-007,sprat_SDs22_32,2002,0.8263157894736842
BHI-007,sprat_SDs22_32,2003,0.7271929824561404
BHI-007,sprat_SDs22_32,2004,0.9122807017543859
BHI-007,sprat_SDs22_32,2005,1.1614035087719299
BHI-007,sprat_SDs22_32,2006,0.9254385964912281
BHI-007,sprat_SDs22_32,2007,0.787719298245614
BHI-007,sprat_SDs22_32,2008,0.8078947368421052
BHI-007,sprat_SDs22_32,2009,0.7254385964912281
BHI-007,sprat_SDs22_32,2010,0.8315789473684211
BHI-007,sprat_SDs22_32,2011,0.6596491228070176
BHI-007,sprat_SDs22_32,2012,0.6087719298245614
BHI-007,sprat_SDs22_32,2013,0.6192982456140351
BHI-007,sprat_SDs22_32,2014,0.543859649122807
BHI-007,sprat_SDs22_32,2015,0.5964912280701754
BHI-007,sprat_SDs22_32,2016,0.9447368421052632
BHI-007,sprat_SDs22_32,2017,0.9605263157894737
BHI-007,sprat_SDs22_32,2018,0.8614035087719298
BHI-007,sprat_SDs22_32,2019,0.75
BHI-007,sprat_SDs22_32,2020,0.7166666666666667
BHI-008,sprat_SDs22_32,1974,0.8245614035087719
BHI-008,sprat_SDs22_32,1975,0.6368421052631579
BHI-008,sprat_SDs22_32,1976,0.5482456140350878
BHI-008,sprat_SDs22_32,1977,0.9157894736842105
BHI-008,sprat_SDs22_32,1978,0.6096491228070176
BHI-008,sprat_SDs22_32,1979,0.3307017543859649
BHI-008,sprat_SDs22_32,1980,0.19912280701754387
BHI-008,sprat_SDs22_32,1981,0.17456140350877192
BHI-008,sprat_SDs22_32,1982,0.22280701754385965
BHI-008,sprat_SDs22_32,1983,0.3456140350877193
BHI-008,sprat_SDs22_32,1984,0.5403508771929825
BHI-008,sprat_SDs22_32,1985,0.5307017543859649
BHI-008,sprat_SDs22_32,1986,0.5
BHI-008,sprat_SDs22_32,1987,0.4043859649122807
BHI-008,sprat_SDs22_32,1988,0.35350877192982455
BHI-008,sprat_SDs22_32,1989,0.37105263157894736
BHI-008,sprat_SDs22_32,1990,0.48771929824561405
BHI-008,sprat_SDs22_32,1991,0.6798245614035088
BHI-008,sprat_SDs22_32,1992,0.9166666666666666
BHI-008,sprat_SDs22_32,1993,1.1929824561403508
BHI-008,sprat_SDs22_32,1994,1.206140350877193
BHI-008,sprat_SDs22_32,1995,1.2535087719298246
BHI-008,sprat_SDs22_32,1996,1.5885964912280701
BHI-008,sprat_SDs22_32,1997,1.5587719298245615
BHI-008,sprat_SDs22_32,1998,1.187719298245614
BHI-008,sprat_SDs22_32,1999,1.186842105263158
BHI-008,sprat_SDs22_32,2000,1.157017543859649
BHI-008,sprat_SDs22_32,2001,1.0491228070175438
BHI-008,sprat_SDs22_32,2002,0.8263157894736842
BHI-008,sprat_SDs22_32,2003,0.7271929824561404
BHI-008,sprat_SDs22_32,2004,0.9122807017543859
BHI-008,sprat_SDs22_32,2005,1.1614035087719299
BHI-008,sprat_SDs22_32,2006,0.9254385964912281
BHI-008,sprat_SDs22_32,2007,0.787719298245614
BHI-008,sprat_SDs22_32,2008,0.8078947368421052
BHI-008,sprat_SDs22_32,2009,0.7254385964912281
BHI-008,sprat_SDs22_32,2010,0.8315789473684211
BHI-008,sprat_SDs22_32,2011,0.6596491228070176
BHI-008,sprat_SDs22_32,2012,0.6087719298245614
BHI-008,sprat_SDs22_32,2013,0.6192982456140351
BHI-008,sprat_SDs22_32,2014,0.543859649122807
BHI-008,sprat_SDs22_32,2015,0.5964912280701754
BHI-008,sprat_SDs22_32,2016,0.9447368421052632
BHI-008,sprat_SDs22_32,2017,0.9605263157894737
BHI-008,sprat_SDs22_32,2018,0.8614035087719298
BHI-008,sprat_SDs22_32,2019,0.75
BHI-008,sprat_SDs22_32,2020,0.7166666666666667
BHI-009,sprat_SDs22_32,1974,0.8245614035087719
BHI-009,sprat_SDs22_32,1975,0.6368421052631579
BHI-009,sprat_SDs22_32,1976,0.5482456140350878
BHI-009,sprat_SDs22_32,1977,0.9157894736842105
BHI-009,sprat_SDs22_32,1978,0.6096491228070176
BHI-009,sprat_SDs22_32,1979,0.3307017543859649
BHI-009,sprat_SDs22_32,1980,0.19912280701754387
BHI-009,sprat_SDs22_32,1981,0.17456140350877192
BHI-009,sprat_SDs22_32,1982,0.22280701754385965
BHI-009,sprat_SDs22_32,1983,0.3456140350877193
BHI-009,sprat_SDs22_32,1984,0.5403508771929825
BHI-009,sprat_SDs22_32,1985,0.5307017543859649
BHI-009,sprat_SDs22_32,1986,0.5
BHI-009,sprat_SDs22_32,1987,0.4043859649122807
BHI-009,sprat_SDs22_32,1988,0.35350877192982455
BHI-009,sprat_SDs22_32,1989,0.37105263157894736
BHI-009,sprat_SDs22_32,1990,0.48771929824561405
BHI-009,sprat_SDs22_32,1991,0.6798245614035088
BHI-009,sprat_SDs22_32,1992,0.9166666666666666
BHI-009,sprat_SDs22_32,1993,1.1929824561403508
BHI-009,sprat_SDs22_32,1994,1.206140350877193
BHI-009,sprat_SDs22_32,1995,1.2535087719298246
BHI-009,sprat_SDs22_32,1996,1.5885964912280701
BHI-009,sprat_SDs22_32,1997,1.5587719298245615
BHI-009,sprat_SDs22_32,1998,1.187719298245614
BHI-009,sprat_SDs22_32,1999,1.186842105263158
BHI-009,sprat_SDs22_32,2000,1.157017543859649
BHI-009,sprat_SDs22_32,2001,1.0491228070175438
BHI-009,sprat_SDs22_32,2002,0.8263157894736842
BHI-009,sprat_SDs22_32,2003,0.7271929824561404
BHI-009,sprat_SDs22_32,2004,0.9122807017543859
BHI-009,sprat_SDs22_32,2005,1.1614035087719299
BHI-009,sprat_SDs22_32,2006,0.9254385964912281
BHI-009,sprat_SDs22_32,2007,0.787719298245614
BHI-009,sprat_SDs22_32,2008,0.8078947368421052
BHI-009,sprat_SDs22_32,2009,0.7254385964912281
BHI-009,sprat_SDs22_32,2010,0.8315789473684211
BHI-009,sprat_SDs22_32,2011,0.6596491228070176
BHI-009,sprat_SDs22_32,2012,0.6087719298245614
BHI-009,sprat_SDs22_32,2013,0.6192982456140351
BHI-009,sprat_SDs22_32,2014,0.543859649122807
BHI-009,sprat_SDs22_32,2015,0.5964912280701754
BHI-009,sprat_SDs22_32,2016,0.9447368421052632
BHI-009,sprat_SDs22_32,2017,0.9605263157894737
BHI-009,sprat_SDs22_32,2018,0.8614035087719298
BHI-009,sprat_SDs22_32,2019,0.75
BHI-009,sprat_SDs22_32,2020,0.7166666666666667
BHI-010,sprat_SDs22_32,1974,0.8245614035087719
BHI-010,sprat_SDs22_32,1975,0.6368421052631579
BHI-010,sprat_SDs22_32,1976,0.5482456140350878
BHI-010,sprat_SDs22_32,1977,0.9157894736842105
BHI-010,sprat_SDs22_32,1978,0.6096491228070176
BHI-010,sprat_SDs22_32,1979,0.3307017543859649
BHI-010,sprat_SDs22_32,1980,0.19912280701754387
BHI-010,sprat_SDs22_32,1981,0.17456140350877192
BHI-010,sprat_SDs22_32,1982,0.22280701754385965
BHI-010,sprat_SDs22_32,1983,0.3456140350877193
BHI-010,sprat_SDs22_32,1984,0.5403508771929825
BHI-010,sprat_SDs22_32,1985,0.5307017543859649
BHI-010,sprat_SDs22_32,1986,0.5
BHI-010,sprat_SDs22_32,1987,0.4043859649122807
BHI-010,sprat_SDs22_32,1988,0.35350877192982455
BHI-010,sprat_SDs22_32,1989,0.37105263157894736
BHI-010,sprat_SDs22_32,1990,0.48771929824561405
BHI-010,sprat_SDs22_32,1991,0.6798245614035088
BHI-010,sprat_SDs22_32,1992,0.9166666666666666
BHI-010,sprat_SDs22_32,1993,1.1929824561403508
BHI-010,sprat_SDs22_32,1994,1.206140350877193
BHI-010,sprat_SDs22_32,1995,1.2535087719298246
BHI-010,sprat_SDs22_32,1996,1.5885964912280701
BHI-010,sprat_SDs22_32,1997,1.5587719298245615
BHI-010,sprat_SDs22_32,1998,1.187719298245614
BHI-010,sprat_SDs22_32,1999,1.186842105263158
BHI-010,sprat_SDs22_32,2000,1.157017543859649
BHI-010,sprat_SDs22_32,2001,1.0491228070175438
BHI-010,sprat_SDs22_32,2002,0.8263157894736842
BHI-010,sprat_SDs22_32,2003,0.7271929824561404
BHI-010,sprat_SDs22_32,2004,0.9122807017543859
BHI-010,sprat_SDs22_32,2005,1.1614035087719299
BHI-010,sprat_SDs22_32,2006,0.9254385964912281
BHI-010,sprat_SDs22_32,2007,0.787719298245614
BHI-010,sprat_SDs22_32,2008,0.8078947368421052
BHI-010,sprat_SDs22_32,2009,0.7254385964912281
BHI-010,sprat_SDs22_32,2010,0.8315789473684211
BHI-010,sprat_SDs22_32,2011,0.6596491228070176
BHI-010,sprat_SDs22_32,2012,0.6087719298245614
BHI-010,sprat_SDs22_32,2013,0.6192982456140351
BHI-010,sprat_SDs22_32,2014,0.543859649122807
BHI-010,sprat_SDs22_32,2015,0.5964912280701754
BHI-010,sprat_SDs22_32,2016,0.9447368421052632
BHI-010,sprat_SDs22_32,2017,0.9605263157894737
BHI-010,sprat_SDs22_32,2018,0.8614035087719298
BHI-010,sprat_SDs22_32,2019,0.75
BHI-010,sprat_SDs22_32,2020,0.7166666666666667
BHI-011,sprat_SDs22_32,1974,0.8245614035087719
BHI-011,sprat_SDs22_32,1975,0.6368421052631579
BHI-011,sprat_SDs22_32,1976,0.5482456140350878
BHI-011,sprat_SDs22_32,1977,0.9157894736842105
BHI-011,sprat_SDs22_32,1978,0.6096491228070176
BHI-011,sprat_SDs22_32,1979,0.3307017543859649
BHI-011,sprat_SDs22_32,1980,0.19912280701754387
BHI-011,sprat_SDs22_32,1981,0.17456140350877192
BHI-011,sprat_SDs22_32,1982,0.22280701754385965
BHI-011,sprat_SDs22_32,1983,0.3456140350877193
BHI-011,sprat_SDs22_32,1984,0.5403508771929825
BHI-011,sprat_SDs22_32,1985,0.5307017543859649
BHI-011,sprat_SDs22_32,1986,0.5
BHI-011,sprat_SDs22_32,1987,0.4043859649122807
BHI-011,sprat_SDs22_32,1988,0.35350877192982455
BHI-011,sprat_SDs22_32,1989,0.37105263157894736
BHI-011,sprat_SDs22_32,1990,0.48771929824561405
BHI-011,sprat_SDs22_32,1991,0.6798245614035088
BHI-011,sprat_SDs22_32,1992,0.9166666666666666
BHI-011,sprat_SDs22_32,1993,1.1929824561403508
BHI-011,sprat_SDs22_32,1994,1.206140350877193
BHI-011,sprat_SDs22_32,1995,1.2535087719298246
BHI-011,sprat_SDs22_32,1996,1.5885964912280701
BHI-011,sprat_SDs22_32,1997,1.5587719298245615
BHI-011,sprat_SDs22_32,1998,1.187719298245614
BHI-011,sprat_SDs22_32,1999,1.186842105263158
BHI-011,sprat_SDs22_32,2000,1.157017543859649
BHI-011,sprat_SDs22_32,2001,1.0491228070175438
BHI-011,sprat_SDs22_32,2002,0.8263157894736842
BHI-011,sprat_SDs22_32,2003,0.7271929824561404
BHI-011,sprat_SDs22_32,2004,0.9122807017543859
BHI-011,sprat_SDs22_32,2005,1.1614035087719299
BHI-011,sprat_SDs22_32,2006,0.9254385964912281
BHI-011,sprat_SDs22_32,2007,0.787719298245614
BHI-011,sprat_SDs22_32,2008,0.8078947368421052
BHI-011,sprat_SDs22_32,2009,0.7254385964912281
BHI-011,sprat_SDs22_32,2010,0.8315789473684211
BHI-011,sprat_SDs22_32,2011,0.6596491228070176
BHI-011,sprat_SDs22_32,2012,0.6087719298245614
BHI-011,sprat_SDs22_32,2013,0.6192982456140351
BHI-011,sprat_SDs22_32,2014,0.543859649122807
BHI-011,sprat_SDs22_32,2015,0.5964912280701754
BHI-011,sprat_SDs22_32,2016,0.9447368421052632
BHI-011,sprat_SDs22_32,2017,0.9605263157894737
BHI-011,sprat_SDs22_32,2018,0.8614035087719298
BHI-011,sprat_SDs22_32,2019,0.75
BHI-011,sprat_SDs22_32,2020,0.7166666666666667
BHI-012,sprat_SDs22_32,1974,0.8245614035087719
BHI-012,sprat_SDs22_32,1975,0.6368421052631579
BHI-012,sprat_SDs22_32,1976,0.5482456140350878
BHI-012,sprat_SDs22_32,1977,0.9157894736842105
BHI-012,sprat_SDs22_32,1978,0.6096491228070176
BHI-012,sprat_SDs22_32,1979,0.3307017543859649
BHI-012,sprat_SDs22_32,1980,0.19912280701754387
BHI-012,sprat_SDs22_32,1981,0.17456140350877192
BHI-012,sprat_SDs22_32,1982,0.22280701754385965
BHI-012,sprat_SDs22_32,1983,0.3456140350877193
BHI-012,sprat_SDs22_32,1984,0.5403508771929825
BHI-012,sprat_SDs22_32,1985,0.5307017543859649
BHI-012,sprat_SDs22_32,1986,0.5
BHI-012,sprat_SDs22_32,1987,0.4043859649122807
BHI-012,sprat_SDs22_32,1988,0.35350877192982455
BHI-012,sprat_SDs22_32,1989,0.37105263157894736
BHI-012,sprat_SDs22_32,1990,0.48771929824561405
BHI-012,sprat_SDs22_32,1991,0.6798245614035088
BHI-012,sprat_SDs22_32,1992,0.9166666666666666
BHI-012,sprat_SDs22_32,1993,1.1929824561403508
BHI-012,sprat_SDs22_32,1994,1.206140350877193
BHI-012,sprat_SDs22_32,1995,1.2535087719298246
BHI-012,sprat_SDs22_32,1996,1.5885964912280701
BHI-012,sprat_SDs22_32,1997,1.5587719298245615
BHI-012,sprat_SDs22_32,1998,1.187719298245614
BHI-012,sprat_SDs22_32,1999,1.186842105263158
BHI-012,sprat_SDs22_32,2000,1.157017543859649
BHI-012,sprat_SDs22_32,2001,1.0491228070175438
BHI-012,sprat_SDs22_32,2002,0.8263157894736842
BHI-012,sprat_SDs22_32,2003,0.7271929824561404
BHI-012,sprat_SDs22_32,2004,0.9122807017543859
BHI-012,sprat_SDs22_32,2005,1.1614035087719299
BHI-012,sprat_SDs22_32,2006,0.9254385964912281
BHI-012,sprat_SDs22_32,2007,0.787719298245614
BHI-012,sprat_SDs22_32,2008,0.8078947368421052
BHI-012,sprat_SDs22_32,2009,0.7254385964912281
BHI-012,sprat_SDs22_32,2010,0.8315789473684211
BHI-012,sprat_SDs22_32,2011,0.6596491228070176
BHI-012,sprat_SDs22_32,2012,0.6087719298245614
BHI-012,sprat_SDs22_32,2013,0.6192982456140351
BHI-012,sprat_SDs22_32,2014,0.543859649122807
BHI-012,sprat_SDs22_32,2015,0.5964912280701754
BHI-012,sprat_SDs22_32,2016,0.9447368421052632
BHI-012,sprat_SDs22_32,2017,0.9605263157894737
BHI-012,sprat_SDs22_32,2018,0.8614035087719298
BHI-012,sprat_SDs22_32,2019,0.75
BHI-012,sprat_SDs22_32,2020,0.7166666666666667
BHI-013,sprat_SDs22_32,1974,0.8245614035087719
BHI-013,sprat_SDs22_32,1975,0.6368421052631579
BHI-013,sprat_SDs22_32,1976,0.5482456140350878
BHI-013,sprat_SDs22_32,1977,0.9157894736842105
BHI-013,sprat_SDs22_32,1978,0.6096491228070176
BHI-013,sprat_SDs22_32,1979,0.3307017543859649
BHI-013,sprat_SDs22_32,1980,0.19912280701754387
BHI-013,sprat_SDs22_32,1981,0.17456140350877192
BHI-013,sprat_SDs22_32,1982,0.22280701754385965
BHI-013,sprat_SDs22_32,1983,0.3456140350877193
BHI-013,sprat_SDs22_32,1984,0.5403508771929825
BHI-013,sprat_SDs22_32,1985,0.5307017543859649
BHI-013,sprat_SDs22_32,1986,0.5
BHI-013,sprat_SDs22_32,1987,0.4043859649122807
BHI-013,sprat_SDs22_32,1988,0.35350877192982455
BHI-013,sprat_SDs22_32,1989,0.37105263157894736
BHI-013,sprat_SDs22_32,1990,0.48771929824561405
BHI-013,sprat_SDs22_32,1991,0.6798245614035088
BHI-013,sprat_SDs22_32,1992,0.9166666666666666
BHI-013,sprat_SDs22_32,1993,1.1929824561403508
BHI-013,sprat_SDs22_32,1994,1.206140350877193
BHI-013,sprat_SDs22_32,1995,1.2535087719298246
BHI-013,sprat_SDs22_32,1996,1.5885964912280701
BHI-013,sprat_SDs22_32,1997,1.5587719298245615
BHI-013,sprat_SDs22_32,1998,1.187719298245614
BHI-013,sprat_SDs22_32,1999,1.186842105263158
BHI-013,sprat_SDs22_32,2000,1.157017543859649
BHI-013,sprat_SDs22_32,2001,1.0491228070175438
BHI-013,sprat_SDs22_32,2002,0.8263157894736842
BHI-013,sprat_SDs22_32,2003,0.7271929824561404
BHI-013,sprat_SDs22_32,2004,0.9122807017543859
BHI-013,sprat_SDs22_32,2005,1.1614035087719299
BHI-013,sprat_SDs22_32,2006,0.9254385964912281
BHI-013,sprat_SDs22_32,2007,0.787719298245614
BHI-013,sprat_SDs22_32,2008,0.8078947368421052
BHI-013,sprat_SDs22_32,2009,0.7254385964912281
BHI-013,sprat_SDs22_32,2010,0.8315789473684211
BHI-013,sprat_SDs22_32,2011,0.6596491228070176
BHI-013,sprat_SDs22_32,2012,0.6087719298245614
BHI-013,sprat_SDs22_32,2013,0.6192982456140351
BHI-013,sprat_SDs22_32,2014,0.543859649122807
BHI-013,sprat_SDs22_32,2015,0.5964912280701754
BHI-013,sprat_SDs22_32,2016,0.9447368421052632
BHI-013,sprat_SDs22_32,2017,0.9605263157894737
BHI-013,sprat_SDs22_32,2018,0.8614035087719298
BHI-013,sprat_SDs22_32,2019,0.75
BHI-013,sprat_SDs22_32,2020,0.7166666666666667
BHI-014,sprat_SDs22_32,1974,0.8245614035087719
BHI-014,sprat_SDs22_32,1975,0.6368421052631579
BHI-014,sprat_SDs22_32,1976,0.5482456140350878
BHI-014,sprat_SDs22_32,1977,0.9157894736842105
BHI-014,sprat_SDs22_32,1978,0.6096491228070176
BHI-014,sprat_SDs22_32,1979,0.3307017543859649
BHI-014,sprat_SDs22_32,1980,0.19912280701754387
BHI-014,sprat_SDs22_32,1981,0.17456140350877192
BHI-014,sprat_SDs22_32,1982,0.22280701754385965
BHI-014,sprat_SDs22_32,1983,0.3456140350877193
BHI-014,sprat_SDs22_32,1984,0.5403508771929825
BHI-014,sprat_SDs22_32,1985,0.5307017543859649
BHI-014,sprat_SDs22_32,1986,0.5
BHI-014,sprat_SDs22_32,1987,0.4043859649122807
BHI-014,sprat_SDs22_32,1988,0.35350877192982455
BHI-014,sprat_SDs22_32,1989,0.37105263157894736
BHI-014,sprat_SDs22_32,1990,0.48771929824561405
BHI-014,sprat_SDs22_32,1991,0.6798245614035088
BHI-014,sprat_SDs22_32,1992,0.9166666666666666
BHI-014,sprat_SDs22_32,1993,1.1929824561403508
BHI-014,sprat_SDs22_32,1994,1.206140350877193
BHI-014,sprat_SDs22_32,1995,1.2535087719298246
BHI-014,sprat_SDs22_32,1996,1.5885964912280701
BHI-014,sprat_SDs22_32,1997,1.5587719298245615
BHI-014,sprat_SDs22_32,1998,1.187719298245614
BHI-014,sprat_SDs22_32,1999,1.186842105263158
BHI-014,sprat_SDs22_32,2000,1.157017543859649
BHI-014,sprat_SDs22_32,2001,1.0491228070175438
BHI-014,sprat_SDs22_32,2002,0.8263157894736842
BHI-014,sprat_SDs22_32,2003,0.7271929824561404
BHI-014,sprat_SDs22_32,2004,0.9122807017543859
BHI-014,sprat_SDs22_32,2005,1.1614035087719299
BHI-014,sprat_SDs22_32,2006,0.9254385964912281
BHI-014,sprat_SDs22_32,2007,0.787719298245614
BHI-014,sprat_SDs22_32,2008,0.8078947368421052
BHI-014,sprat_SDs22_32,2009,0.7254385964912281
BHI-014,sprat_SDs22_32,2010,0.8315789473684211
BHI-014,sprat_SDs22_32,2011,0.6596491228070176
BHI-014,sprat_SDs22_32,2012,0.6087719298245614
BHI-014,sprat_SDs22_32,2013,0.6192982456140351
BHI-014,sprat_SDs22_32,2014,0.543859649122807
BHI-014,sprat_SDs22_32,2015,0.5964912280701754
BHI-014,sprat_SDs22_32,2016,0.9447368421052632
BHI-014,sprat_SDs22_32,2017,0.9605263157894737
BHI-014,sprat_SDs22_32,2018,0.8614035087719298
BHI-014,sprat_SDs22_32,2019,0.75
BHI-014,sprat_SDs22_32,2020,0.7166666666666667
BHI-015,sprat_SDs22_32,1974,0.8245614035087719
BHI-015,sprat_SDs22_32,1975,0.6368421052631579
BHI-015,sprat_SDs22_32,1976,0.5482456140350878
BHI-015,sprat_SDs22_32,1977,0.9157894736842105
BHI-015,sprat_SDs22_32,1978,0.6096491228070176
BHI-015,sprat_SDs22_32,1979,0.3307017543859649
BHI-015,sprat_SDs22_32,1980,0.19912280701754387
BHI-015,sprat_SDs22_32,1981,0.17456140350877192
BHI-015,sprat_SDs22_32,1982,0.22280701754385965
BHI-015,sprat_SDs22_32,1983,0.3456140350877193
BHI-015,sprat_SDs22_32,1984,0.5403508771929825
BHI-015,sprat_SDs22_32,1985,0.5307017543859649
BHI-015,sprat_SDs22_32,1986,0.5
BHI-015,sprat_SDs22_32,1987,0.4043859649122807
BHI-015,sprat_SDs22_32,1988,0.35350877192982455
BHI-015,sprat_SDs22_32,1989,0.37105263157894736
BHI-015,sprat_SDs22_32,1990,0.48771929824561405
BHI-015,sprat_SDs22_32,1991,0.6798245614035088
BHI-015,sprat_SDs22_32,1992,0.9166666666666666
BHI-015,sprat_SDs22_32,1993,1.1929824561403508
BHI-015,sprat_SDs22_32,1994,1.206140350877193
BHI-015,sprat_SDs22_32,1995,1.2535087719298246
BHI-015,sprat_SDs22_32,1996,1.5885964912280701
BHI-015,sprat_SDs22_32,1997,1.5587719298245615
BHI-015,sprat_SDs22_32,1998,1.187719298245614
BHI-015,sprat_SDs22_32,1999,1.186842105263158
BHI-015,sprat_SDs22_32,2000,1.157017543859649
BHI-015,sprat_SDs22_32,2001,1.0491228070175438
BHI-015,sprat_SDs22_32,2002,0.8263157894736842
BHI-015,sprat_SDs22_32,2003,0.7271929824561404
BHI-015,sprat_SDs22_32,2004,0.9122807017543859
BHI-015,sprat_SDs22_32,2005,1.1614035087719299
BHI-015,sprat_SDs22_32,2006,0.9254385964912281
BHI-015,sprat_SDs22_32,2007,0.787719298245614
BHI-015,sprat_SDs22_32,2008,0.8078947368421052
BHI-015,sprat_SDs22_32,2009,0.7254385964912281
BHI-015,sprat_SDs22_32,2010,0.8315789473684211
BHI-015,sprat_SDs22_32,2011,0.6596491228070176
BHI-015,sprat_SDs22_32,2012,0.6087719298245614
BHI-015,sprat_SDs22_32,2013,0.6192982456140351
BHI-015,sprat_SDs22_32,2014,0.543859649122807
BHI-015,sprat_SDs22_32,2015,0.5964912280701754
BHI-015,sprat_SDs22_32,2016,0.9447368421052632
BHI-015,sprat_SDs22_32,2017,0.9605263157894737
BHI-015,sprat_SDs22_32,2018,0.8614035087719298
BHI-015,sprat_SDs22_32,2019,0.75
BHI-015,sprat_SDs22_32,2020,0.7166666666666667
BHI-016,sprat_SDs22_32,1974,0.8245614035087719
BHI-016,sprat_SDs22_32,1975,0.6368421052631579
BHI-016,sprat_SDs22_32,1976,0.5482456140350878
BHI-016,sprat_SDs22_32,1977,0.9157894736842105
BHI-016,sprat_SDs22_32,1978,0.6096491228070176
BHI-016,sprat_SDs22_32,1979,0.3307017543859649
BHI-016,sprat_SDs22_32,1980,0.19912280701754387
BHI-016,sprat_SDs22_32,1981,0.17456140350877192
BHI-016,sprat_SDs22_32,1982,0.22280701754385965
BHI-016,sprat_SDs22_32,1983,0.3456140350877193
BHI-016,sprat_SDs22_32,1984,0.5403508771929825
BHI-016,sprat_SDs22_32,1985,0.5307017543859649
BHI-016,sprat_SDs22_32,1986,0.5
BHI-016,sprat_SDs22_32,1987,0.4043859649122807
BHI-016,sprat_SDs22_32,1988,0.35350877192982455
BHI-016,sprat_SDs22_32,1989,0.37105263157894736
BHI-016,sprat_SDs22_32,1990,0.48771929824561405
BHI-016,sprat_SDs22_32,1991,0.6798245614035088
BHI-016,sprat_SDs22_32,1992,0.9166666666666666
BHI-016,sprat_SDs22_32,1993,1.1929824561403508
BHI-016,sprat_SDs22_32,1994,1.206140350877193
BHI-016,sprat_SDs22_32,1995,1.2535087719298246
BHI-016,sprat_SDs22_32,1996,1.5885964912280701
BHI-016,sprat_SDs22_32,1997,1.5587719298245615
BHI-016,sprat_SDs22_32,1998,1.187719298245614
BHI-016,sprat_SDs22_32,1999,1.186842105263158
BHI-016,sprat_SDs22_32,2000,1.157017543859649
BHI-016,sprat_SDs22_32,2001,1.0491228070175438
BHI-016,sprat_SDs22_32,2002,0.8263157894736842
BHI-016,sprat_SDs22_32,2003,0.7271929824561404
BHI-016,sprat_SDs22_32,2004,0.9122807017543859
BHI-016,sprat_SDs22_32,2005,1.1614035087719299
BHI-016,sprat_SDs22_32,2006,0.9254385964912281
BHI-016,sprat_SDs22_32,2007,0.787719298245614
BHI-016,sprat_SDs22_32,2008,0.8078947368421052
BHI-016,sprat_SDs22_32,2009,0.7254385964912281
BHI-016,sprat_SDs22_32,2010,0.8315789473684211
BHI-016,sprat_SDs22_32,2011,0.6596491228070176
BHI-016,sprat_SDs22_32,2012,0.6087719298245614
BHI-016,sprat_SDs22_32,2013,0.6192982456140351
BHI-016,sprat_SDs22_32,2014,0.543859649122807
BHI-016,sprat_SDs22_32,2015,0.5964912280701754
BHI-016,sprat_SDs22_32,2016,0.9447368421052632
BHI-016,sprat_SDs22_32,2017,0.9605263157894737
BHI-016,sprat_SDs22_32,2018,0.8614035087719298
BHI-016,sprat_SDs22_32,2019,0.75
BHI-016,sprat_SDs22_32,2020,0.7166666666666667
BHI-017,sprat_SDs22_32,1974,0.8245614035087719
BHI-017,sprat_SDs22_32,1975,0.6368421052631579
BHI-017,sprat_SDs22_32,1976,0.5482456140350878
BHI-017,sprat_SDs22_32,1977,0.9157894736842105
BHI-017,sprat_SDs22_32,1978,0.6096491228070176
BHI-017,sprat_SDs22_32,1979,0.3307017543859649
BHI-017,sprat_SDs22_32,1980,0.19912280701754387
BHI-017,sprat_SDs22_32,1981,0.17456140350877192
BHI-017,sprat_SDs22_32,1982,0.22280701754385965
BHI-017,sprat_SDs22_32,1983,0.3456140350877193
BHI-017,sprat_SDs22_32,1984,0.5403508771929825
BHI-017,sprat_SDs22_32,1985,0.5307017543859649
BHI-017,sprat_SDs22_32,1986,0.5
BHI-017,sprat_SDs22_32,1987,0.4043859649122807
BHI-017,sprat_SDs22_32,1988,0.35350877192982455
BHI-017,sprat_SDs22_32,1989,0.37105263157894736
BHI-017,sprat_SDs22_32,1990,0.48771929824561405
BHI-017,sprat_SDs22_32,1991,0.6798245614035088
BHI-017,sprat_SDs22_32,1992,0.9166666666666666
BHI-017,sprat_SDs22_32,1993,1.1929824561403508
BHI-017,sprat_SDs22_32,1994,1.206140350877193
BHI-017,sprat_SDs22_32,1995,1.2535087719298246
BHI-017,sprat_SDs22_32,1996,1.5885964912280701
BHI-017,sprat_SDs22_32,1997,1.5587719298245615
BHI-017,sprat_SDs22_32,1998,1.187719298245614
BHI-017,sprat_SDs22_32,1999,1.186842105263158
BHI-017,sprat_SDs22_32,2000,1.157017543859649
BHI-017,sprat_SDs22_32,2001,1.0491228070175438
BHI-017,sprat_SDs22_32,2002,0.8263157894736842
BHI-017,sprat_SDs22_32,2003,0.7271929824561404
BHI-017,sprat_SDs22_32,2004,0.9122807017543859
BHI-017,sprat_SDs22_32,2005,1.1614035087719299
BHI-017,sprat_SDs22_32,2006,0.9254385964912281
BHI-017,sprat_SDs22_32,2007,0.787719298245614
BHI-017,sprat_SDs22_32,2008,0.8078947368421052
BHI-017,sprat_SDs22_32,2009,0.7254385964912281
BHI-017,sprat_SDs22_32,2010,0.8315789473684211
BHI-017,sprat_SDs22_32,2011,0.6596491228070176
BHI-017,sprat_SDs22_32,2012,0.6087719298245614
BHI-017,sprat_SDs22_32,2013,0.6192982456140351
BHI-017,sprat_SDs22_32,2014,0.543859649122807
BHI-017,sprat_SDs22_32,2015,0.5964912280701754
BHI-017,sprat_SDs22_32,2016,0.9447368421052632
BHI-017,sprat_SDs22_32,2017,0.9605263157894737
BHI-017,sprat_SDs22_32,2018,0.8614035087719298
BHI-017,sprat_SDs22_32,2019,0.75
BHI-017,sprat_SDs22_32,2020,0.7166666666666667
BHI-018,sprat_SDs22_32,1974,0.8245614035087719
BHI-018,sprat_SDs22_32,1975,0.6368421052631579
BHI-018,sprat_SDs22_32,1976,0.5482456140350878
BHI-018,sprat_SDs22_32,1977,0.9157894736842105
BHI-018,sprat_SDs22_32,1978,0.6096491228070176
BHI-018,sprat_SDs22_32,1979,0.3307017543859649
BHI-018,sprat_SDs22_32,1980,0.19912280701754387
BHI-018,sprat_SDs22_32,1981,0.17456140350877192
BHI-018,sprat_SDs22_32,1982,0.22280701754385965
BHI-018,sprat_SDs22_32,1983,0.3456140350877193
BHI-018,sprat_SDs22_32,1984,0.5403508771929825
BHI-018,sprat_SDs22_32,1985,0.5307017543859649
BHI-018,sprat_SDs22_32,1986,0.5
BHI-018,sprat_SDs22_32,1987,0.4043859649122807
BHI-018,sprat_SDs22_32,1988,0.35350877192982455
BHI-018,sprat_SDs22_32,1989,0.37105263157894736
BHI-018,sprat_SDs22_32,1990,0.48771929824561405
BHI-018,sprat_SDs22_32,1991,0.6798245614035088
BHI-018,sprat_SDs22_32,1992,0.9166666666666666
BHI-018,sprat_SDs22_32,1993,1.1929824561403508
BHI-018,sprat_SDs22_32,1994,1.206140350877193
BHI-018,sprat_SDs22_32,1995,1.2535087719298246
BHI-018,sprat_SDs22_32,1996,1.5885964912280701
BHI-018,sprat_SDs22_32,1997,1.5587719298245615
BHI-018,sprat_SDs22_32,1998,1.187719298245614
BHI-018,sprat_SDs22_32,1999,1.186842105263158
BHI-018,sprat_SDs22_32,2000,1.157017543859649
BHI-018,sprat_SDs22_32,2001,1.0491228070175438
BHI-018,sprat_SDs22_32,2002,0.8263157894736842
BHI-018,sprat_SDs22_32,2003,0.7271929824561404
BHI-018,sprat_SDs22_32,2004,0.9122807017543859
BHI-018,sprat_SDs22_32,2005,1.1614035087719299
BHI-018,sprat_SDs22_32,2006,0.9254385964912281
BHI-018,sprat_SDs22_32,2007,0.787719298245614
BHI-018,sprat_SDs22_32,2008,0.8078947368421052
BHI-018,sprat_SDs22_32,2009,0.7254385964912281
BHI-018,sprat_SDs22_32,2010,0.8315789473684211
BHI-018,sprat_SDs22_32,2011,0.6596491228070176
BHI-018,sprat_SDs22_32,2012,0.6087719298245614
BHI-018,sprat_SDs22_32,2013,0.6192982456140351
BHI-018,sprat_SDs22_32,2014,0.543859649122807
BHI-018,sprat_SDs22_32,2015,0.5964912280701754
BHI-018,sprat_SDs22_32,2016,0.9447368421052632
BHI-018,sprat_SDs22_32,2017,0.9605263157894737
BHI-018,sprat_SDs22_32,2018,0.8614035087719298
BHI-018,sprat_SDs22_32,2019,0.75
BHI-018,sprat_SDs22_32,2020,0.7166666666666667
BHI-019,sprat_SDs22_32,1974,0.8245614035087719
BHI-019,sprat_SDs22_32,1975,0.6368421052631579
BHI-019,sprat_SDs22_32,1976,0.5482456140350878
BHI-019,sprat_SDs22_32,1977,0.9157894736842105
BHI-019,sprat_SDs22_32,1978,0.6096491228070176
BHI-019,sprat_SDs22_32,1979,0.3307017543859649
BHI-019,sprat_SDs22_32,1980,0.19912280701754387
BHI-019,sprat_SDs22_32,1981,0.17456140350877192
BHI-019,sprat_SDs22_32,1982,0.22280701754385965
BHI-019,sprat_SDs22_32,1983,0.3456140350877193
BHI-019,sprat_SDs22_32,1984,0.5403508771929825
BHI-019,sprat_SDs22_32,1985,0.5307017543859649
BHI-019,sprat_SDs22_32,1986,0.5
BHI-019,sprat_SDs22_32,1987,0.4043859649122807
BHI-019,sprat_SDs22_32,1988,0.35350877192982455
BHI-019,sprat_SDs22_32,1989,0.37105263157894736
BHI-019,sprat_SDs22_32,1990,0.48771929824561405
BHI-019,sprat_SDs22_32,1991,0.6798245614035088
BHI-019,sprat_SDs22_32,1992,0.9166666666666666
BHI-019,sprat_SDs22_32,1993,1.1929824561403508
BHI-019,sprat_SDs22_32,1994,1.206140350877193
BHI-019,sprat_SDs22_32,1995,1.2535087719298246
BHI-019,sprat_SDs22_32,1996,1.5885964912280701
BHI-019,sprat_SDs22_32,1997,1.5587719298245615
BHI-019,sprat_SDs22_32,1998,1.187719298245614
BHI-019,sprat_SDs22_32,1999,1.186842105263158
BHI-019,sprat_SDs22_32,2000,1.157017543859649
BHI-019,sprat_SDs22_32,2001,1.0491228070175438
BHI-019,sprat_SDs22_32,2002,0.8263157894736842
BHI-019,sprat_SDs22_32,2003,0.7271929824561404
BHI-019,sprat_SDs22_32,2004,0.9122807017543859
BHI-019,sprat_SDs22_32,2005,1.1614035087719299
BHI-019,sprat_SDs22_32,2006,0.9254385964912281
BHI-019,sprat_SDs22_32,2007,0.787719298245614
BHI-019,sprat_SDs22_32,2008,0.8078947368421052
BHI-019,sprat_SDs22_32,2009,0.7254385964912281
BHI-019,sprat_SDs22_32,2010,0.8315789473684211
BHI-019,sprat_SDs22_32,2011,0.6596491228070176
BHI-019,sprat_SDs22_32,2012,0.6087719298245614
BHI-019,sprat_SDs22_32,2013,0.6192982456140351
BHI-019,sprat_SDs22_32,2014,0.543859649122807
BHI-019,sprat_SDs22_32,2015,0.5964912280701754
BHI-019,sprat_SDs22_32,2016,0.9447368421052632
BHI-019,sprat_SDs22_32,2017,0.9605263157894737
BHI-019,sprat_SDs22_32,2018,0.8614035087719298
BHI-019,sprat_SDs22_32,2019,0.75
BHI-019,sprat_SDs22_32,2020,0.7166666666666667
BHI-020,sprat_SDs22_32,1974,0.8245614035087719
BHI-020,sprat_SDs22_32,1975,0.6368421052631579
BHI-020,sprat_SDs22_32,1976,0.5482456140350878
BHI-020,sprat_SDs22_32,1977,0.9157894736842105
BHI-020,sprat_SDs22_32,1978,0.6096491228070176
BHI-020,sprat_SDs22_32,1979,0.3307017543859649
BHI-020,sprat_SDs22_32,1980,0.19912280701754387
BHI-020,sprat_SDs22_32,1981,0.17456140350877192
BHI-020,sprat_SDs22_32,1982,0.22280701754385965
BHI-020,sprat_SDs22_32,1983,0.3456140350877193
BHI-020,sprat_SDs22_32,1984,0.5403508771929825
BHI-020,sprat_SDs22_32,1985,0.5307017543859649
BHI-020,sprat_SDs22_32,1986,0.5
BHI-020,sprat_SDs22_32,1987,0.4043859649122807
BHI-020,sprat_SDs22_32,1988,0.35350877192982455
BHI-020,sprat_SDs22_32,1989,0.37105263157894736
BHI-020,sprat_SDs22_32,1990,0.48771929824561405
BHI-020,sprat_SDs22_32,1991,0.6798245614035088
BHI-020,sprat_SDs22_32,1992,0.9166666666666666
BHI-020,sprat_SDs22_32,1993,1.1929824561403508
BHI-020,sprat_SDs22_32,1994,1.206140350877193
BHI-020,sprat_SDs22_32,1995,1.2535087719298246
BHI-020,sprat_SDs22_32,1996,1.5885964912280701
BHI-020,sprat_SDs22_32,1997,1.5587719298245615
BHI-020,sprat_SDs22_32,1998,1.187719298245614
BHI-020,sprat_SDs22_32,1999,1.186842105263158
BHI-020,sprat_SDs22_32,2000,1.157017543859649
BHI-020,sprat_SDs22_32,2001,1.0491228070175438
BHI-020,sprat_SDs22_32,2002,0.8263157894736842
BHI-020,sprat_SDs22_32,2003,0.7271929824561404
BHI-020,sprat_SDs22_32,2004,0.9122807017543859
BHI-020,sprat_SDs22_32,2005,1.1614035087719299
BHI-020,sprat_SDs22_32,2006,0.9254385964912281
BHI-020,sprat_SDs22_32,2007,0.787719298245614
BHI-020,sprat_SDs22_32,2008,0.8078947368421052
BHI-020,sprat_SDs22_32,2009,0.7254385964912281
BHI-020,sprat_SDs22_32,2010,0.8315789473684211
BHI-020,sprat_SDs22_32,2011,0.6596491228070176
BHI-020,sprat_SDs22_32,2012,0.6087719298245614
BHI-020,sprat_SDs22_32,2013,0.6192982456140351
BHI-020,sprat_SDs22_32,2014,0.543859649122807
BHI-020,sprat_SDs22_32,2015,0.5964912280701754
BHI-020,sprat_SDs22_32,2016,0.9447368421052632
BHI-020,sprat_SDs22_32,2017,0.9605263157894737
BHI-020,sprat_SDs22_32,2018,0.8614035087719298
BHI-020,sprat_SDs22_32,2019,0.75
BHI-020,sprat_SDs22_32,2020,0.7166666666666667
BHI-021,sprat_SDs22_32,1974,0.8245614035087719
BHI-021,sprat_SDs22_32,1975,0.6368421052631579
BHI-021,sprat_SDs22_32,1976,0.5482456140350878
BHI-021,sprat_SDs22_32,1977,0.9157894736842105
BHI-021,sprat_SDs22_32,1978,0.6096491228070176
BHI-021,sprat_SDs22_32,1979,0.3307017543859649
BHI-021,sprat_SDs22_32,1980,0.19912280701754387
BHI-021,sprat_SDs22_32,1981,0.17456140350877192
BHI-021,sprat_SDs22_32,1982,0.22280701754385965
BHI-021,sprat_SDs22_32,1983,0.3456140350877193
BHI-021,sprat_SDs22_32,1984,0.5403508771929825
BHI-021,sprat_SDs22_32,1985,0.5307017543859649
BHI-021,sprat_SDs22_32,1986,0.5
BHI-021,sprat_SDs22_32,1987,0.4043859649122807
BHI-021,sprat_SDs22_32,1988,0.35350877192982455
BHI-021,sprat_SDs22_32,1989,0.37105263157894736
BHI-021,sprat_SDs22_32,1990,0.48771929824561405
BHI-021,sprat_SDs22_32,1991,0.6798245614035088
BHI-021,sprat_SDs22_32,1992,0.9166666666666666
BHI-021,sprat_SDs22_32,1993,1.1929824561403508
BHI-021,sprat_SDs22_32,1994,1.206140350877193
BHI-021,sprat_SDs22_32,1995,1.2535087719298246
BHI-021,sprat_SDs22_32,1996,1.5885964912280701
BHI-021,sprat_SDs22_32,1997,1.5587719298245615
BHI-021,sprat_SDs22_32,1998,1.187719298245614
BHI-021,sprat_SDs22_32,1999,1.186842105263158
BHI-021,sprat_SDs22_32,2000,1.157017543859649
BHI-021,sprat_SDs22_32,2001,1.0491228070175438
BHI-021,sprat_SDs22_32,2002,0.8263157894736842
BHI-021,sprat_SDs22_32,2003,0.7271929824561404
BHI-021,sprat_SDs22_32,2004,0.9122807017543859
BHI-021,sprat_SDs22_32,2005,1.1614035087719299
BHI-021,sprat_SDs22_32,2006,0.9254385964912281
BHI-021,sprat_SDs22_32,2007,0.787719298245614
BHI-021,sprat_SDs22_32,2008,0.8078947368421052
BHI-021,sprat_SDs22_32,2009,0.7254385964912281
BHI-021,sprat_SDs22_32,2010,0.8315789473684211
BHI-021,sprat_SDs22_32,2011,0.6596491228070176
BHI-021,sprat_SDs22_32,2012,0.6087719298245614
BHI-021,sprat_SDs22_32,2013,0.6192982456140351
BHI-021,sprat_SDs22_32,2014,0.543859649122807
BHI-021,sprat_SDs22_32,2015,0.5964912280701754
BHI-021,sprat_SDs22_32,2016,0.9447368421052632
BHI-021,sprat_SDs22_32,2017,0.9605263157894737
BHI-021,sprat_SDs22_32,2018,0.8614035087719298
BHI-021,sprat_SDs22_32,2019,0.75
BHI-021,sprat_SDs22_32,2020,0.7166666666666667
BHI-022,sprat_SDs22_32,1974,0.8245614035087719
BHI-022,sprat_SDs22_32,1975,0.6368421052631579
BHI-022,sprat_SDs22_32,1976,0.5482456140350878
BHI-022,sprat_SDs22_32,1977,0.9157894736842105
BHI-022,sprat_SDs22_32,1978,0.6096491228070176
BHI-022,sprat_SDs22_32,1979,0.3307017543859649
BHI-022,sprat_SDs22_32,1980,0.19912280701754387
BHI-022,sprat_SDs22_32,1981,0.17456140350877192
BHI-022,sprat_SDs22_32,1982,0.22280701754385965
BHI-022,sprat_SDs22_32,1983,0.3456140350877193
BHI-022,sprat_SDs22_32,1984,0.5403508771929825
BHI-022,sprat_SDs22_32,1985,0.5307017543859649
BHI-022,sprat_SDs22_32,1986,0.5
BHI-022,sprat_SDs22_32,1987,0.4043859649122807
BHI-022,sprat_SDs22_32,1988,0.35350877192982455
BHI-022,sprat_SDs22_32,1989,0.37105263157894736
BHI-022,sprat_SDs22_32,1990,0.48771929824561405
BHI-022,sprat_SDs22_32,1991,0.6798245614035088
BHI-022,sprat_SDs22_32,1992,0.9166666666666666
BHI-022,sprat_SDs22_32,1993,1.1929824561403508
BHI-022,sprat_SDs22_32,1994,1.206140350877193
BHI-022,sprat_SDs22_32,1995,1.2535087719298246
BHI-022,sprat_SDs22_32,1996,1.5885964912280701
BHI-022,sprat_SDs22_32,1997,1.5587719298245615
BHI-022,sprat_SDs22_32,1998,1.187719298245614
BHI-022,sprat_SDs22_32,1999,1.186842105263158
BHI-022,sprat_SDs22_32,2000,1.157017543859649
BHI-022,sprat_SDs22_32,2001,1.0491228070175438
BHI-022,sprat_SDs22_32,2002,0.8263157894736842
BHI-022,sprat_SDs22_32,2003,0.7271929824561404
BHI-022,sprat_SDs22_32,2004,0.9122807017543859
BHI-022,sprat_SDs22_32,2005,1.1614035087719299
BHI-022,sprat_SDs22_32,2006,0.9254385964912281
BHI-022,sprat_SDs22_32,2007,0.787719298245614
BHI-022,sprat_SDs22_32,2008,0.8078947368421052
BHI-022,sprat_SDs22_32,2009,0.7254385964912281
BHI-022,sprat_SDs22_32,2010,0.8315789473684211
BHI-022,sprat_SDs22_32,2011,0.6596491228070176
BHI-022,sprat_SDs22_32,2012,0.6087719298245614
BHI-022,sprat_SDs22_32,2013,0.6192982456140351
BHI-022,sprat_SDs22_32,2014,0.543859649122807
BHI-022,sprat_SDs22_32,2015,0.5964912280701754
BHI-022,sprat_SDs22_32,2016,0.9447368421052632
BHI-022,sprat_SDs22_32,2017,0.9605263157894737
BHI-022,sprat_SDs22_32,2018,0.8614035087719298
BHI-022,sprat_SDs22_32,2019,0.75
BHI-022,sprat_SDs22_32,2020,0.7166666666666667
BHI-023,sprat_SDs22_32,1974,0.8245614035087719
BHI-023,sprat_SDs22_32,1975,0.6368421052631579
BHI-023,sprat_SDs22_32,1976,0.5482456140350878
BHI-023,sprat_SDs22_32,1977,0.9157894736842105
BHI-023,sprat_SDs22_32,1978,0.6096491228070176
BHI-023,sprat_SDs22_32,1979,0.3307017543859649
BHI-023,sprat_SDs22_32,1980,0.19912280701754387
BHI-023,sprat_SDs22_32,1981,0.17456140350877192
BHI-023,sprat_SDs22_32,1982,0.22280701754385965
BHI-023,sprat_SDs22_32,1983,0.3456140350877193
BHI-023,sprat_SDs22_32,1984,0.5403508771929825
BHI-023,sprat_SDs22_32,1985,0.5307017543859649
BHI-023,sprat_SDs22_32,1986,0.5
BHI-023,sprat_SDs22_32,1987,0.4043859649122807
BHI-023,sprat_SDs22_32,1988,0.35350877192982455
BHI-023,sprat_SDs22_32,1989,0.37105263157894736
BHI-023,sprat_SDs22_32,1990,0.48771929824561405
BHI-023,sprat_SDs22_32,1991,0.6798245614035088
BHI-023,sprat_SDs22_32,1992,0.9166666666666666
BHI-023,sprat_SDs22_32,1993,1.1929824561403508
BHI-023,sprat_SDs22_32,1994,1.206140350877193
BHI-023,sprat_SDs22_32,1995,1.2535087719298246
BHI-023,sprat_SDs22_32,1996,1.5885964912280701
BHI-023,sprat_SDs22_32,1997,1.5587719298245615
BHI-023,sprat_SDs22_32,1998,1.187719298245614
BHI-023,sprat_SDs22_32,1999,1.186842105263158
BHI-023,sprat_SDs22_32,2000,1.157017543859649
BHI-023,sprat_SDs22_32,2001,1.0491228070175438
BHI-023,sprat_SDs22_32,2002,0.8263157894736842
BHI-023,sprat_SDs22_32,2003,0.7271929824561404
BHI-023,sprat_SDs22_32,2004,0.9122807017543859
BHI-023,sprat_SDs22_32,2005,1.1614035087719299
BHI-023,sprat_SDs22_32,2006,0.9254385964912281
BHI-023,sprat_SDs22_32,2007,0.787719298245614
BHI-023,sprat_SDs22_32,2008,0.8078947368421052
BHI-023,sprat_SDs22_32,2009,0.7254385964912281
BHI-023,sprat_SDs22_32,2010,0.8315789473684211
BHI-023,sprat_SDs22_32,2011,0.6596491228070176
BHI-023,sprat_SDs22_32,2012,0.6087719298245614
BHI-023,sprat_SDs22_32,2013,0.6192982456140351
BHI-023,sprat_SDs22_32,2014,0.543859649122807
BHI-023,sprat_SDs22_32,2015,0.5964912280701754
BHI-023,sprat_SDs22_32,2016,0.9447368421052632
BHI-023,sprat_SDs22_32,2017,0.9605263157894737
BHI-023,sprat_SDs22_32,2018,0.8614035087719298
BHI-023,sprat_SDs22_32,2019,0.75
BHI-023,sprat_SDs22_32,2020,0.7166666666666667
BHI-024,sprat_SDs22_32,1974,0.8245614035087719
BHI-024,sprat_SDs22_32,1975,0.6368421052631579
BHI-024,sprat_SDs22_32,1976,0.5482456140350878
BHI-024,sprat_SDs22_32,1977,0.9157894736842105
BHI-024,sprat_SDs22_32,1978,0.6096491228070176
BHI-024,sprat_SDs22_32,1979,0.3307017543859649
BHI-024,sprat_SDs22_32,1980,0.19912280701754387
BHI-024,sprat_SDs22_32,1981,0.17456140350877192
BHI-024,sprat_SDs22_32,1982,0.22280701754385965
BHI-024,sprat_SDs22_32,1983,0.3456140350877193
BHI-024,sprat_SDs22_32,1984,0.5403508771929825
BHI-024,sprat_SDs22_32,1985,0.5307017543859649
BHI-024,sprat_SDs22_32,1986,0.5
BHI-024,sprat_SDs22_32,1987,0.4043859649122807
BHI-024,sprat_SDs22_32,1988,0.35350877192982455
BHI-024,sprat_SDs22_32,1989,0.37105263157894736
BHI-024,sprat_SDs22_32,1990,0.48771929824561405
BHI-024,sprat_SDs22_32,1991,0.6798245614035088
BHI-024,sprat_SDs22_32,1992,0.9166666666666666
BHI-024,sprat_SDs22_32,1993,1.1929824561403508
BHI-024,sprat_SDs22_32,1994,1.206140350877193
BHI-024,sprat_SDs22_32,1995,1.2535087719298246
BHI-024,sprat_SDs22_32,1996,1.5885964912280701
BHI-024,sprat_SDs22_32,1997,1.5587719298245615
BHI-024,sprat_SDs22_32,1998,1.187719298245614
BHI-024,sprat_SDs22_32,1999,1.186842105263158
BHI-024,sprat_SDs22_32,2000,1.157017543859649
BHI-024,sprat_SDs22_32,2001,1.0491228070175438
BHI-024,sprat_SDs22_32,2002,0.8263157894736842
BHI-024,sprat_SDs22_32,2003,0.7271929824561404
BHI-024,sprat_SDs22_32,2004,0.9122807017543859
BHI-024,sprat_SDs22_32,2005,1.1614035087719299
BHI-024,sprat_SDs22_32,2006,0.9254385964912281
BHI-024,sprat_SDs22_32,2007,0.787719298245614
BHI-024,sprat_SDs22_32,2008,0.8078947368421052
BHI-024,sprat_SDs22_32,2009,0.7254385964912281
BHI-024,sprat_SDs22_32,2010,0.8315789473684211
BHI-024,sprat_SDs22_32,2011,0.6596491228070176
BHI-024,sprat_SDs22_32,2012,0.6087719298245614
BHI-024,sprat_SDs22_32,2013,0.6192982456140351
BHI-024,sprat_SDs22_32,2014,0.543859649122807
BHI-024,sprat_SDs22_32,2015,0.5964912280701754
BHI-024,sprat_SDs22_32,2016,0.9447368421052632
BHI-024,sprat_SDs22_32,2017,0.9605263157894737
BHI-024,sprat_SDs22_32,2018,0.8614035087719298
BHI-024,sprat_SDs22_32,2019,0.75
BHI-024,sprat_SDs22_32,2020,0.7166666666666667
BHI-025,sprat_SDs22_32,1974,0.8245614035087719
BHI-025,sprat_SDs22_32,1975,0.6368421052631579
BHI-025,sprat_SDs22_32,1976,0.5482456140350878
BHI-025,sprat_SDs22_32,1977,0.9157894736842105
BHI-025,sprat_SDs22_32,1978,0.6096491228070176
BHI-025,sprat_SDs22_32,1979,0.3307017543859649
BHI-025,sprat_SDs22_32,1980,0.19912280701754387
BHI-025,sprat_SDs22_32,1981,0.17456140350877192
BHI-025,sprat_SDs22_32,1982,0.22280701754385965
BHI-025,sprat_SDs22_32,1983,0.3456140350877193
BHI-025,sprat_SDs22_32,1984,0.5403508771929825
BHI-025,sprat_SDs22_32,1985,0.5307017543859649
BHI-025,sprat_SDs22_32,1986,0.5
BHI-025,sprat_SDs22_32,1987,0.4043859649122807
BHI-025,sprat_SDs22_32,1988,0.35350877192982455
BHI-025,sprat_SDs22_32,1989,0.37105263157894736
BHI-025,sprat_SDs22_32,1990,0.48771929824561405
BHI-025,sprat_SDs22_32,1991,0.6798245614035088
BHI-025,sprat_SDs22_32,1992,0.9166666666666666
BHI-025,sprat_SDs22_32,1993,1.1929824561403508
BHI-025,sprat_SDs22_32,1994,1.206140350877193
BHI-025,sprat_SDs22_32,1995,1.2535087719298246
BHI-025,sprat_SDs22_32,1996,1.5885964912280701
BHI-025,sprat_SDs22_32,1997,1.5587719298245615
BHI-025,sprat_SDs22_32,1998,1.187719298245614
BHI-025,sprat_SDs22_32,1999,1.186842105263158
BHI-025,sprat_SDs22_32,2000,1.157017543859649
BHI-025,sprat_SDs22_32,2001,1.0491228070175438
BHI-025,sprat_SDs22_32,2002,0.8263157894736842
BHI-025,sprat_SDs22_32,2003,0.7271929824561404
BHI-025,sprat_SDs22_32,2004,0.9122807017543859
BHI-025,sprat_SDs22_32,2005,1.1614035087719299
BHI-025,sprat_SDs22_32,2006,0.9254385964912281
BHI-025,sprat_SDs22_32,2007,0.787719298245614
BHI-025,sprat_SDs22_32,2008,0.8078947368421052
BHI-025,sprat_SDs22_32,2009,0.7254385964912281
BHI-025,sprat_SDs22_32,2010,0.8315789473684211
BHI-025,sprat_SDs22_32,2011,0.6596491228070176
BHI-025,sprat_SDs22_32,2012,0.6087719298245614
BHI-025,sprat_SDs22_32,2013,0.6192982456140351
BHI-025,sprat_SDs22_32,2014,0.543859649122807
BHI-025,sprat_SDs22_32,2015,0.5964912280701754
BHI-025,sprat_SDs22_32,2016,0.9447368421052632
BHI-025,sprat_SDs22_32,2017,0.9605263157894737
BHI-025,sprat_SDs22_32,2018,0.8614035087719298
BHI-025,sprat_SDs22_32,2019,0.75
BHI-025,sprat_SDs22_32,2020,0.7166666666666667
BHI-026,sprat_SDs22_32,1974,0.8245614035087719
BHI-026,sprat_SDs22_32,1975,0.6368421052631579
BHI-026,sprat_SDs22_32,1976,0.5482456140350878
BHI-026,sprat_SDs22_32,1977,0.9157894736842105
BHI-026,sprat_SDs22_32,1978,0.6096491228070176
BHI-026,sprat_SDs22_32,1979,0.3307017543859649
BHI-026,sprat_SDs22_32,1980,0.19912280701754387
BHI-026,sprat_SDs22_32,1981,0.17456140350877192
BHI-026,sprat_SDs22_32,1982,0.22280701754385965
BHI-026,sprat_SDs22_32,1983,0.3456140350877193
BHI-026,sprat_SDs22_32,1984,0.5403508771929825
BHI-026,sprat_SDs22_32,1985,0.5307017543859649
BHI-026,sprat_SDs22_32,1986,0.5
BHI-026,sprat_SDs22_32,1987,0.4043859649122807
BHI-026,sprat_SDs22_32,1988,0.35350877192982455
BHI-026,sprat_SDs22_32,1989,0.37105263157894736
BHI-026,sprat_SDs22_32,1990,0.48771929824561405
BHI-026,sprat_SDs22_32,1991,0.6798245614035088
BHI-026,sprat_SDs22_32,1992,0.9166666666666666
BHI-026,sprat_SDs22_32,1993,1.1929824561403508
BHI-026,sprat_SDs22_32,1994,1.206140350877193
BHI-026,sprat_SDs22_32,1995,1.2535087719298246
BHI-026,sprat_SDs22_32,1996,1.5885964912280701
BHI-026,sprat_SDs22_32,1997,1.5587719298245615
BHI-026,sprat_SDs22_32,1998,1.187719298245614
BHI-026,sprat_SDs22_32,1999,1.186842105263158
BHI-026,sprat_SDs22_32,2000,1.157017543859649
BHI-026,sprat_SDs22_32,2001,1.0491228070175438
BHI-026,sprat_SDs22_32,2002,0.8263157894736842
BHI-026,sprat_SDs22_32,2003,0.7271929824561404
BHI-026,sprat_SDs22_32,2004,0.9122807017543859
BHI-026,sprat_SDs22_32,2005,1.1614035087719299
BHI-026,sprat_SDs22_32,2006,0.9254385964912281
BHI-026,sprat_SDs22_32,2007,0.787719298245614
BHI-026,sprat_SDs22_32,2008,0.8078947368421052
BHI-026,sprat_SDs22_32,2009,0.7254385964912281
BHI-026,sprat_SDs22_32,2010,0.8315789473684211
BHI-026,sprat_SDs22_32,2011,0.6596491228070176
BHI-026,sprat_SDs22_32,2012,0.6087719298245614
BHI-026,sprat_SDs22_32,2013,0.6192982456140351
BHI-026,sprat_SDs22_32,2014,0.543859649122807
BHI-026,sprat_SDs22_32,2015,0.5964912280701754
BHI-026,sprat_SDs22_32,2016,0.9447368421052632
BHI-026,sprat_SDs22_32,2017,0.9605263157894737
BHI-026,sprat_SDs22_32,2018,0.8614035087719298
BHI-026,sprat_SDs22_32,2019,0.75
BHI-026,sprat_SDs22_32,2020,0.7166666666666667
BHI-027,sprat_SDs22_32,1974,0.8245614035087719
BHI-027,sprat_SDs22_32,1975,0.6368421052631579
BHI-027,sprat_SDs22_32,1976,0.5482456140350878
BHI-027,sprat_SDs22_32,1977,0.9157894736842105
BHI-027,sprat_SDs22_32,1978,0.6096491228070176
BHI-027,sprat_SDs22_32,1979,0.3307017543859649
BHI-027,sprat_SDs22_32,1980,0.19912280701754387
BHI-027,sprat_SDs22_32,1981,0.17456140350877192
BHI-027,sprat_SDs22_32,1982,0.22280701754385965
BHI-027,sprat_SDs22_32,1983,0.3456140350877193
BHI-027,sprat_SDs22_32,1984,0.5403508771929825
BHI-027,sprat_SDs22_32,1985,0.5307017543859649
BHI-027,sprat_SDs22_32,1986,0.5
BHI-027,sprat_SDs22_32,1987,0.4043859649122807
BHI-027,sprat_SDs22_32,1988,0.35350877192982455
BHI-027,sprat_SDs22_32,1989,0.37105263157894736
BHI-027,sprat_SDs22_32,1990,0.48771929824561405
BHI-027,sprat_SDs22_32,1991,0.6798245614035088
BHI-027,sprat_SDs22_32,1992,0.9166666666666666
BHI-027,sprat_SDs22_32,1993,1.1929824561403508
BHI-027,sprat_SDs22_32,1994,1.206140350877193
BHI-027,sprat_SDs22_32,1995,1.2535087719298246
BHI-027,sprat_SDs22_32,1996,1.5885964912280701
BHI-027,sprat_SDs22_32,1997,1.5587719298245615
BHI-027,sprat_SDs22_32,1998,1.187719298245614
BHI-027,sprat_SDs22_32,1999,1.186842105263158
BHI-027,sprat_SDs22_32,2000,1.157017543859649
BHI-027,sprat_SDs22_32,2001,1.0491228070175438
BHI-027,sprat_SDs22_32,2002,0.8263157894736842
BHI-027,sprat_SDs22_32,2003,0.7271929824561404
BHI-027,sprat_SDs22_32,2004,0.9122807017543859
BHI-027,sprat_SDs22_32,2005,1.1614035087719299
BHI-027,sprat_SDs22_32,2006,0.9254385964912281
BHI-027,sprat_SDs22_32,2007,0.787719298245614
BHI-027,sprat_SDs22_32,2008,0.8078947368421052
BHI-027,sprat_SDs22_32,2009,0.7254385964912281
BHI-027,sprat_SDs22_32,2010,0.8315789473684211
BHI-027,sprat_SDs22_32,2011,0.6596491228070176
BHI-027,sprat_SDs22_32,2012,0.6087719298245614
BHI-027,sprat_SDs22_32,2013,0.6192982456140351
BHI-027,sprat_SDs22_32,2014,0.543859649122807
BHI-027,sprat_SDs22_32,2015,0.5964912280701754
BHI-027,sprat_SDs22_32,2016,0.9447368421052632
BHI-027,sprat_SDs22_32,2017,0.9605263157894737
BHI-027,sprat_SDs22_32,2018,0.8614035087719298
BHI-027,sprat_SDs22_32,2019,0.75
BHI-027,sprat_SDs22_32,2020,0.7166666666666667
BHI-028,sprat_SDs22_32,1974,0.8245614035087719
BHI-028,sprat_SDs22_32,1975,0.6368421052631579
BHI-028,sprat_SDs22_32,1976,0.5482456140350878
BHI-028,sprat_SDs22_32,1977,0.9157894736842105
BHI-028,sprat_SDs22_32,1978,0.6096491228070176
BHI-028,sprat_SDs22_32,1979,0.3307017543859649
BHI-028,sprat_SDs22_32,1980,0.19912280701754387
BHI-028,sprat_SDs22_32,1981,0.17456140350877192
BHI-028,sprat_SDs22_32,1982,0.22280701754385965
BHI-028,sprat_SDs22_32,1983,0.3456140350877193
BHI-028,sprat_SDs22_32,1984,0.5403508771929825
BHI-028,sprat_SDs22_32,1985,0.5307017543859649
BHI-028,sprat_SDs22_32,1986,0.5
BHI-028,sprat_SDs22_32,1987,0.4043859649122807
BHI-028,sprat_SDs22_32,1988,0.35350877192982455
BHI-028,sprat_SDs22_32,1989,0.37105263157894736
BHI-028,sprat_SDs22_32,1990,0.48771929824561405
BHI-028,sprat_SDs22_32,1991,0.6798245614035088
BHI-028,sprat_SDs22_32,1992,0.9166666666666666
BHI-028,sprat_SDs22_32,1993,1.1929824561403508
BHI-028,sprat_SDs22_32,1994,1.206140350877193
BHI-028,sprat_SDs22_32,1995,1.2535087719298246
BHI-028,sprat_SDs22_32,1996,1.5885964912280701
BHI-028,sprat_SDs22_32,1997,1.5587719298245615
BHI-028,sprat_SDs22_32,1998,1.187719298245614
BHI-028,sprat_SDs22_32,1999,1.186842105263158
BHI-028,sprat_SDs22_32,2000,1.157017543859649
BHI-028,sprat_SDs22_32,2001,1.0491228070175438
BHI-028,sprat_SDs22_32,2002,0.8263157894736842
BHI-028,sprat_SDs22_32,2003,0.7271929824561404
BHI-028,sprat_SDs22_32,2004,0.9122807017543859
BHI-028,sprat_SDs22_32,2005,1.1614035087719299
BHI-028,sprat_SDs22_32,2006,0.9254385964912281
BHI-028,sprat_SDs22_32,2007,0.787719298245614
BHI-028,sprat_SDs22_32,2008,0.8078947368421052
BHI-028,sprat_SDs22_32,2009,0.7254385964912281
BHI-028,sprat_SDs22_32,2010,0.8315789473684211
BHI-028,sprat_SDs22_32,2011,0.6596491228070176
BHI-028,sprat_SDs22_32,2012,0.6087719298245614
BHI-028,sprat_SDs22_32,2013,0.6192982456140351
BHI-028,sprat_SDs22_32,2014,0.543859649122807
BHI-028,sprat_SDs22_32,2015,0.5964912280701754
BHI-028,sprat_SDs22_32,2016,0.9447368421052632
BHI-028,sprat_SDs22_32,2017,0.9605263157894737
BHI-028,sprat_SDs22_32,2018,0.8614035087719298
BHI-028,sprat_SDs22_32,2019,0.75
BHI-028,sprat_SDs22_32,2020,0.7166666666666667
BHI-029,sprat_SDs22_32,1974,0.8245614035087719
BHI-029,sprat_SDs22_32,1975,0.6368421052631579
BHI-029,sprat_SDs22_32,1976,0.5482456140350878
BHI-029,sprat_SDs22_32,1977,0.9157894736842105
BHI-029,sprat_SDs22_32,1978,0.6096491228070176
BHI-029,sprat_SDs22_32,1979,0.3307017543859649
BHI-029,sprat_SDs22_32,1980,0.19912280701754387
BHI-029,sprat_SDs22_32,1981,0.17456140350877192
BHI-029,sprat_SDs22_32,1982,0.22280701754385965
BHI-029,sprat_SDs22_32,1983,0.3456140350877193
BHI-029,sprat_SDs22_32,1984,0.5403508771929825
BHI-029,sprat_SDs22_32,1985,0.5307017543859649
BHI-029,sprat_SDs22_32,1986,0.5
BHI-029,sprat_SDs22_32,1987,0.4043859649122807
BHI-029,sprat_SDs22_32,1988,0.35350877192982455
BHI-029,sprat_SDs22_32,1989,0.37105263157894736
BHI-029,sprat_SDs22_32,1990,0.48771929824561405
BHI-029,sprat_SDs22_32,1991,0.6798245614035088
BHI-029,sprat_SDs22_32,1992,0.9166666666666666
BHI-029,sprat_SDs22_32,1993,1.1929824561403508
BHI-029,sprat_SDs22_32,1994,1.206140350877193
BHI-029,sprat_SDs22_32,1995,1.2535087719298246
BHI-029,sprat_SDs22_32,1996,1.5885964912280701
BHI-029,sprat_SDs22_32,1997,1.5587719298245615
BHI-029,sprat_SDs22_32,1998,1.187719298245614
BHI-029,sprat_SDs22_32,1999,1.186842105263158
BHI-029,sprat_SDs22_32,2000,1.157017543859649
BHI-029,sprat_SDs22_32,2001,1.0491228070175438
BHI-029,sprat_SDs22_32,2002,0.8263157894736842
BHI-029,sprat_SDs22_32,2003,0.7271929824561404
BHI-029,sprat_SDs22_32,2004,0.9122807017543859
BHI-029,sprat_SDs22_32,2005,1.1614035087719299
BHI-029,sprat_SDs22_32,2006,0.9254385964912281
BHI-029,sprat_SDs22_32,2007,0.787719298245614
BHI-029,sprat_SDs22_32,2008,0.8078947368421052
BHI-029,sprat_SDs22_32,2009,0.7254385964912281
BHI-029,sprat_SDs22_32,2010,0.8315789473684211
BHI-029,sprat_SDs22_32,2011,0.6596491228070176
BHI-029,sprat_SDs22_32,2012,0.6087719298245614
BHI-029,sprat_SDs22_32,2013,0.6192982456140351
BHI-029,sprat_SDs22_32,2014,0.543859649122807
BHI-029,sprat_SDs22_32,2015,0.5964912280701754
BHI-029,sprat_SDs22_32,2016,0.9447368421052632
BHI-029,sprat_SDs22_32,2017,0.9605263157894737
BHI-029,sprat_SDs22_32,2018,0.8614035087719298
BHI-029,sprat_SDs22_32,2019,0.75
BHI-029,sprat_SDs22_32,2020,0.7166666666666667
BHI-030,sprat_SDs22_32,1974,0.8245614035087719
BHI-030,sprat_SDs22_32,1975,0.6368421052631579
BHI-030,sprat_SDs22_32,1976,0.5482456140350878
BHI-030,sprat_SDs22_32,1977,0.9157894736842105
BHI-030,sprat_SDs22_32,1978,0.6096491228070176
BHI-030,sprat_SDs22_32,1979,0.3307017543859649
BHI-030,sprat_SDs22_32,1980,0.19912280701754387
BHI-030,sprat_SDs22_32,1981,0.17456140350877192
BHI-030,sprat_SDs22_32,1982,0.22280701754385965
BHI-030,sprat_SDs22_32,1983,0.3456140350877193
BHI-030,sprat_SDs22_32,1984,0.5403508771929825
BHI-030,sprat_SDs22_32,1985,0.5307017543859649
BHI-030,sprat_SDs22_32,1986,0.5
BHI-030,sprat_SDs22_32,1987,0.4043859649122807
BHI-030,sprat_SDs22_32,1988,0.35350877192982455
BHI-030,sprat_SDs22_32,1989,0.37105263157894736
BHI-030,sprat_SDs22_32,1990,0.48771929824561405
BHI-030,sprat_SDs22_32,1991,0.6798245614035088
BHI-030,sprat_SDs22_32,1992,0.9166666666666666
BHI-030,sprat_SDs22_32,1993,1.1929824561403508
BHI-030,sprat_SDs22_32,1994,1.206140350877193
BHI-030,sprat_SDs22_32,1995,1.2535087719298246
BHI-030,sprat_SDs22_32,1996,1.5885964912280701
BHI-030,sprat_SDs22_32,1997,1.5587719298245615
BHI-030,sprat_SDs22_32,1998,1.187719298245614
BHI-030,sprat_SDs22_32,1999,1.186842105263158
BHI-030,sprat_SDs22_32,2000,1.157017543859649
BHI-030,sprat_SDs22_32,2001,1.0491228070175438
BHI-030,sprat_SDs22_32,2002,0.8263157894736842
BHI-030,sprat_SDs22_32,2003,0.7271929824561404
BHI-030,sprat_SDs22_32,2004,0.9122807017543859
BHI-030,sprat_SDs22_32,2005,1.1614035087719299
BHI-030,sprat_SDs22_32,2006,0.9254385964912281
BHI-030,sprat_SDs22_32,2007,0.787719298245614
BHI-030,sprat_SDs22_32,2008,0.8078947368421052
BHI-030,sprat_SDs22_32,2009,0.7254385964912281
BHI-030,sprat_SDs22_32,2010,0.8315789473684211
BHI-030,sprat_SDs22_32,2011,0.6596491228070176
BHI-030,sprat_SDs22_32,2012,0.6087719298245614
BHI-030,sprat_SDs22_32,2013,0.6192982456140351
BHI-030,sprat_SDs22_32,2014,0.543859649122807
BHI-030,sprat_SDs22_32,2015,0.5964912280701754
BHI-030,sprat_SDs22_32,2016,0.9447368421052632
BHI-030,sprat_SDs22_32,2017,0.9605263157894737
BHI-030,sprat_SDs22_32,2018,0.8614035087719298
BHI-030,sprat_SDs22_32,2019,0.75
BHI-030,sprat_SDs22_32,2020,0.7166666666666667
BHI-031,sprat_SDs22_32,1974,0.8245614035087719
BHI-031,sprat_SDs22_32,1975,0.6368421052631579
BHI-031,sprat_SDs22_32,1976,0.5482456140350878
BHI-031,sprat_SDs22_32,1977,0.9157894736842105
BHI-031,sprat_SDs22_32,1978,0.6096491228070176
BHI-031,sprat_SDs22_32,1979,0.3307017543859649
BHI-031,sprat_SDs22_32,1980,0.19912280701754387
BHI-031,sprat_SDs22_32,1981,0.17456140350877192
BHI-031,sprat_SDs22_32,1982,0.22280701754385965
BHI-031,sprat_SDs22_32,1983,0.3456140350877193
BHI-031,sprat_SDs22_32,1984,0.5403508771929825
BHI-031,sprat_SDs22_32,1985,0.5307017543859649
BHI-031,sprat_SDs22_32,1986,0.5
BHI-031,sprat_SDs22_32,1987,0.4043859649122807
BHI-031,sprat_SDs22_32,1988,0.35350877192982455
BHI-031,sprat_SDs22_32,1989,0.37105263157894736
BHI-031,sprat_SDs22_32,1990,0.48771929824561405
BHI-031,sprat_SDs22_32,1991,0.6798245614035088
BHI-031,sprat_SDs22_32,1992,0.9166666666666666
BHI-031,sprat_SDs22_32,1993,1.1929824561403508
BHI-031,sprat_SDs22_32,1994,1.206140350877193
BHI-031,sprat_SDs22_32,1995,1.2535087719298246
BHI-031,sprat_SDs22_32,1996,1.5885964912280701
BHI-031,sprat_SDs22_32,1997,1.5587719298245615
BHI-031,sprat_SDs22_32,1998,1.187719298245614
BHI-031,sprat_SDs22_32,1999,1.186842105263158
BHI-031,sprat_SDs22_32,2000,1.157017543859649
BHI-031,sprat_SDs22_32,2001,1.0491228070175438
BHI-031,sprat_SDs22_32,2002,0.8263157894736842
BHI-031,sprat_SDs22_32,2003,0.7271929824561404
BHI-031,sprat_SDs22_32,2004,0.9122807017543859
BHI-031,sprat_SDs22_32,2005,1.1614035087719299
BHI-031,sprat_SDs22_32,2006,0.9254385964912281
BHI-031,sprat_SDs22_32,2007,0.787719298245614
BHI-031,sprat_SDs22_32,2008,0.8078947368421052
BHI-031,sprat_SDs22_32,2009,0.7254385964912281
BHI-031,sprat_SDs22_32,2010,0.8315789473684211
BHI-031,sprat_SDs22_32,2011,0.6596491228070176
BHI-031,sprat_SDs22_32,2012,0.6087719298245614
BHI-031,sprat_SDs22_32,2013,0.6192982456140351
BHI-031,sprat_SDs22_32,2014,0.543859649122807
BHI-031,sprat_SDs22_32,2015,0.5964912280701754
BHI-031,sprat_SDs22_32,2016,0.9447368421052632
BHI-031,sprat_SDs22_32,2017,0.9605263157894737
BHI-031,sprat_SDs22_32,2018,0.8614035087719298
BHI-031,sprat_SDs22_32,2019,0.75
BHI-031,sprat_SDs22_32,2020,0.7166666666666667
BHI-032,sprat_SDs22_32,1974,0.8245614035087719
BHI-032,sprat_SDs22_32,1975,0.6368421052631579
BHI-032,sprat_SDs22_32,1976,0.5482456140350878
BHI-032,sprat_SDs22_32,1977,0.9157894736842105
BHI-032,sprat_SDs22_32,1978,0.6096491228070176
BHI-032,sprat_SDs22_32,1979,0.3307017543859649
BHI-032,sprat_SDs22_32,1980,0.19912280701754387
BHI-032,sprat_SDs22_32,1981,0.17456140350877192
BHI-032,sprat_SDs22_32,1982,0.22280701754385965
BHI-032,sprat_SDs22_32,1983,0.3456140350877193
BHI-032,sprat_SDs22_32,1984,0.5403508771929825
BHI-032,sprat_SDs22_32,1985,0.5307017543859649
BHI-032,sprat_SDs22_32,1986,0.5
BHI-032,sprat_SDs22_32,1987,0.4043859649122807
BHI-032,sprat_SDs22_32,1988,0.35350877192982455
BHI-032,sprat_SDs22_32,1989,0.37105263157894736
BHI-032,sprat_SDs22_32,1990,0.48771929824561405
BHI-032,sprat_SDs22_32,1991,0.6798245614035088
BHI-032,sprat_SDs22_32,1992,0.9166666666666666
BHI-032,sprat_SDs22_32,1993,1.1929824561403508
BHI-032,sprat_SDs22_32,1994,1.206140350877193
BHI-032,sprat_SDs22_32,1995,1.2535087719298246
BHI-032,sprat_SDs22_32,1996,1.5885964912280701
BHI-032,sprat_SDs22_32,1997,1.5587719298245615
BHI-032,sprat_SDs22_32,1998,1.187719298245614
BHI-032,sprat_SDs22_32,1999,1.186842105263158
BHI-032,sprat_SDs22_32,2000,1.157017543859649
BHI-032,sprat_SDs22_32,2001,1.0491228070175438
BHI-032,sprat_SDs22_32,2002,0.8263157894736842
BHI-032,sprat_SDs22_32,2003,0.7271929824561404
BHI-032,sprat_SDs22_32,2004,0.9122807017543859
BHI-032,sprat_SDs22_32,2005,1.1614035087719299
BHI-032,sprat_SDs22_32,2006,0.9254385964912281
BHI-032,sprat_SDs22_32,2007,0.787719298245614
BHI-032,sprat_SDs22_32,2008,0.8078947368421052
BHI-032,sprat_SDs22_32,2009,0.7254385964912281
BHI-032,sprat_SDs22_32,2010,0.8315789473684211
BHI-032,sprat_SDs22_32,2011,0.6596491228070176
BHI-032,sprat_SDs22_32,2012,0.6087719298245614
BHI-032,sprat_SDs22_32,2013,0.6192982456140351
BHI-032,sprat_SDs22_32,2014,0.543859649122807
BHI-032,sprat_SDs22_32,2015,0.5964912280701754
BHI-032,sprat_SDs22_32,2016,0.9447368421052632
BHI-032,sprat_SDs22_32,2017,0.9605263157894737
BHI-032,sprat_SDs22_32,2018,0.8614035087719298
BHI-032,sprat_SDs22_32,2019,0.75
BHI-032,sprat_SDs22_32,2020,0.7166666666666667
BHI-033,sprat_SDs22_32,1974,0.8245614035087719
BHI-033,sprat_SDs22_32,1975,0.6368421052631579
BHI-033,sprat_SDs22_32,1976,0.5482456140350878
BHI-033,sprat_SDs22_32,1977,0.9157894736842105
BHI-033,sprat_SDs22_32,1978,0.6096491228070176
BHI-033,sprat_SDs22_32,1979,0.3307017543859649
BHI-033,sprat_SDs22_32,1980,0.19912280701754387
BHI-033,sprat_SDs22_32,1981,0.17456140350877192
BHI-033,sprat_SDs22_32,1982,0.22280701754385965
BHI-033,sprat_SDs22_32,1983,0.3456140350877193
BHI-033,sprat_SDs22_32,1984,0.5403508771929825
BHI-033,sprat_SDs22_32,1985,0.5307017543859649
BHI-033,sprat_SDs22_32,1986,0.5
BHI-033,sprat_SDs22_32,1987,0.4043859649122807
BHI-033,sprat_SDs22_32,1988,0.35350877192982455
BHI-033,sprat_SDs22_32,1989,0.37105263157894736
BHI-033,sprat_SDs22_32,1990,0.48771929824561405
BHI-033,sprat_SDs22_32,1991,0.6798245614035088
BHI-033,sprat_SDs22_32,1992,0.9166666666666666
BHI-033,sprat_SDs22_32,1993,1.1929824561403508
BHI-033,sprat_SDs22_32,1994,1.206140350877193
BHI-033,sprat_SDs22_32,1995,1.2535087719298246
BHI-033,sprat_SDs22_32,1996,1.5885964912280701
BHI-033,sprat_SDs22_32,1997,1.5587719298245615
BHI-033,sprat_SDs22_32,1998,1.187719298245614
BHI-033,sprat_SDs22_32,1999,1.186842105263158
BHI-033,sprat_SDs22_32,2000,1.157017543859649
BHI-033,sprat_SDs22_32,2001,1.0491228070175438
BHI-033,sprat_SDs22_32,2002,0.8263157894736842
BHI-033,sprat_SDs22_32,2003,0.7271929824561404
BHI-033,sprat_SDs22_32,2004,0.9122807017543859
BHI-033,sprat_SDs22_32,2005,1.1614035087719299
BHI-033,sprat_SDs22_32,2006,0.9254385964912281
BHI-033,sprat_SDs22_32,2007,0.787719298245614
BHI-033,sprat_SDs22_32,2008,0.8078947368421052
BHI-033,sprat_SDs22_32,2009,0.7254385964912281
BHI-033,sprat_SDs22_32,2010,0.8315789473684211
BHI-033,sprat_SDs22_32,2011,0.6596491228070176
BHI-033,sprat_SDs22_32,2012,0.6087719298245614
BHI-033,sprat_SDs22_32,2013,0.6192982456140351
BHI-033,sprat_SDs22_32,2014,0.543859649122807
BHI-033,sprat_SDs22_32,2015,0.5964912280701754
BHI-033,sprat_SDs22_32,2016,0.9447368421052632
BHI-033,sprat_SDs22_32,2017,0.9605263157894737
BHI-033,sprat_SDs22_32,2018,0.8614035087719298
BHI-033,sprat_SDs22_32,2019,0.75
BHI-033,sprat_SDs22_32,2020,0.7166666666666667
BHI-034,sprat_SDs22_32,1974,0.8245614035087719
BHI-034,sprat_SDs22_32,1975,0.6368421052631579
BHI-034,sprat_SDs22_32,1976,0.5482456140350878
BHI-034,sprat_SDs22_32,1977,0.9157894736842105
BHI-034,sprat_SDs22_32,1978,0.6096491228070176
BHI-034,sprat_SDs22_32,1979,0.3307017543859649
BHI-034,sprat_SDs22_32,1980,0.19912280701754387
BHI-034,sprat_SDs22_32,1981,0.17456140350877192
BHI-034,sprat_SDs22_32,1982,0.22280701754385965
BHI-034,sprat_SDs22_32,1983,0.3456140350877193
BHI-034,sprat_SDs22_32,1984,0.5403508771929825
BHI-034,sprat_SDs22_32,1985,0.5307017543859649
BHI-034,sprat_SDs22_32,1986,0.5
BHI-034,sprat_SDs22_32,1987,0.4043859649122807
BHI-034,sprat_SDs22_32,1988,0.35350877192982455
BHI-034,sprat_SDs22_32,1989,0.37105263157894736
BHI-034,sprat_SDs22_32,1990,0.48771929824561405
BHI-034,sprat_SDs22_32,1991,0.6798245614035088
BHI-034,sprat_SDs22_32,1992,0.9166666666666666
BHI-034,sprat_SDs22_32,1993,1.1929824561403508
BHI-034,sprat_SDs22_32,1994,1.206140350877193
BHI-034,sprat_SDs22_32,1995,1.2535087719298246
BHI-034,sprat_SDs22_32,1996,1.5885964912280701
BHI-034,sprat_SDs22_32,1997,1.5587719298245615
BHI-034,sprat_SDs22_32,1998,1.187719298245614
BHI-034,sprat_SDs22_32,1999,1.186842105263158
BHI-034,sprat_SDs22_32,2000,1.157017543859649
BHI-034,sprat_SDs22_32,2001,1.0491228070175438
BHI-034,sprat_SDs22_32,2002,0.8263157894736842
BHI-034,sprat_SDs22_32,2003,0.7271929824561404
BHI-034,sprat_SDs22_32,2004,0.9122807017543859
BHI-034,sprat_SDs22_32,2005,1.1614035087719299
BHI-034,sprat_SDs22_32,2006,0.9254385964912281
BHI-034,sprat_SDs22_32,2007,0.787719298245614
BHI-034,sprat_SDs22_32,2008,0.8078947368421052
BHI-034,sprat_SDs22_32,2009,0.7254385964912281
BHI-034,sprat_SDs22_32,2010,0.8315789473684211
BHI-034,sprat_SDs22_32,2011,0.6596491228070176
BHI-034,sprat_SDs22_32,2012,0.6087719298245614
BHI-034,sprat_SDs22_32,2013,0.6192982456140351
BHI-034,sprat_SDs22_32,2014,0.543859649122807
BHI-034,sprat_SDs22_32,2015,0.5964912280701754
BHI-034,sprat_SDs22_32,2016,0.9447368421052632
BHI-034,sprat_SDs22_32,2017,0.9605263157894737
BHI-034,sprat_SDs22_32,2018,0.8614035087719298
BHI-034,sprat_SDs22_32,2019,0.75
BHI-034,sprat_SDs22_32,2020,0.7166666666666667
BHI-035,sprat_SDs22_32,1974,0.8245614035087719
BHI-035,sprat_SDs22_32,1975,0.6368421052631579
BHI-035,sprat_SDs22_32,1976,0.5482456140350878
BHI-035,sprat_SDs22_32,1977,0.9157894736842105
BHI-035,sprat_SDs22_32,1978,0.6096491228070176
BHI-035,sprat_SDs22_32,1979,0.3307017543859649
BHI-035,sprat_SDs22_32,1980,0.19912280701754387
BHI-035,sprat_SDs22_32,1981,0.17456140350877192
BHI-035,sprat_SDs22_32,1982,0.22280701754385965
BHI-035,sprat_SDs22_32,1983,0.3456140350877193
BHI-035,sprat_SDs22_32,1984,0.5403508771929825
BHI-035,sprat_SDs22_32,1985,0.5307017543859649
BHI-035,sprat_SDs22_32,1986,0.5
BHI-035,sprat_SDs22_32,1987,0.4043859649122807
BHI-035,sprat_SDs22_32,1988,0.35350877192982455
BHI-035,sprat_SDs22_32,1989,0.37105263157894736
BHI-035,sprat_SDs22_32,1990,0.48771929824561405
BHI-035,sprat_SDs22_32,1991,0.6798245614035088
BHI-035,sprat_SDs22_32,1992,0.9166666666666666
BHI-035,sprat_SDs22_32,1993,1.1929824561403508
BHI-035,sprat_SDs22_32,1994,1.206140350877193
BHI-035,sprat_SDs22_32,1995,1.2535087719298246
BHI-035,sprat_SDs22_32,1996,1.5885964912280701
BHI-035,sprat_SDs22_32,1997,1.5587719298245615
BHI-035,sprat_SDs22_32,1998,1.187719298245614
BHI-035,sprat_SDs22_32,1999,1.186842105263158
BHI-035,sprat_SDs22_32,2000,1.157017543859649
BHI-035,sprat_SDs22_32,2001,1.0491228070175438
BHI-035,sprat_SDs22_32,2002,0.8263157894736842
BHI-035,sprat_SDs22_32,2003,0.7271929824561404
BHI-035,sprat_SDs22_32,2004,0.9122807017543859
BHI-035,sprat_SDs22_32,2005,1.1614035087719299
BHI-035,sprat_SDs22_32,2006,0.9254385964912281
BHI-035,sprat_SDs22_32,2007,0.787719298245614
BHI-035,sprat_SDs22_32,2008,0.8078947368421052
BHI-035,sprat_SDs22_32,2009,0.7254385964912281
BHI-035,sprat_SDs22_32,2010,0.8315789473684211
BHI-035,sprat_SDs22_32,2011,0.6596491228070176
BHI-035,sprat_SDs22_32,2012,0.6087719298245614
BHI-035,sprat_SDs22_32,2013,0.6192982456140351
BHI-035,sprat_SDs22_32,2014,0.543859649122807
BHI-035,sprat_SDs22_32,2015,0.5964912280701754
BHI-035,sprat_SDs22_32,2016,0.9447368421052632
BHI-035,sprat_SDs22_32,2017,0.9605263157894737
BHI-035,sprat_SDs22_32,2018,0.8614035087719298
BHI-035,sprat_SDs22_32,2019,0.75
BHI-035,sprat_SDs22_32,2020,0.7166666666666667
BHI-036,sprat_SDs22_32,1974,0.8245614035087719
BHI-036,sprat_SDs22_32,1975,0.6368421052631579
BHI-036,sprat_SDs22_32,1976,0.5482456140350878
BHI-036,sprat_SDs22_32,1977,0.9157894736842105
BHI-036,sprat_SDs22_32,1978,0.6096491228070176
BHI-036,sprat_SDs22_32,1979,0.3307017543859649
BHI-036,sprat_SDs22_32,1980,0.19912280701754387
BHI-036,sprat_SDs22_32,1981,0.17456140350877192
BHI-036,sprat_SDs22_32,1982,0.22280701754385965
BHI-036,sprat_SDs22_32,1983,0.3456140350877193
BHI-036,sprat_SDs22_32,1984,0.5403508771929825
BHI-036,sprat_SDs22_32,1985,0.5307017543859649
BHI-036,sprat_SDs22_32,1986,0.5
BHI-036,sprat_SDs22_32,1987,0.4043859649122807
BHI-036,sprat_SDs22_32,1988,0.35350877192982455
BHI-036,sprat_SDs22_32,1989,0.37105263157894736
BHI-036,sprat_SDs22_32,1990,0.48771929824561405
BHI-036,sprat_SDs22_32,1991,0.6798245614035088
BHI-036,sprat_SDs22_32,1992,0.9166666666666666
BHI-036,sprat_SDs22_32,1993,1.1929824561403508
BHI-036,sprat_SDs22_32,1994,1.206140350877193
BHI-036,sprat_SDs22_32,1995,1.2535087719298246
BHI-036,sprat_SDs22_32,1996,1.5885964912280701
BHI-036,sprat_SDs22_32,1997,1.5587719298245615
BHI-036,sprat_SDs22_32,1998,1.187719298245614
BHI-036,sprat_SDs22_32,1999,1.186842105263158
BHI-036,sprat_SDs22_32,2000,1.157017543859649
BHI-036,sprat_SDs22_32,2001,1.0491228070175438
BHI-036,sprat_SDs22_32,2002,0.8263157894736842
BHI-036,sprat_SDs22_32,2003,0.7271929824561404
BHI-036,sprat_SDs22_32,2004,0.9122807017543859
BHI-036,sprat_SDs22_32,2005,1.1614035087719299
BHI-036,sprat_SDs22_32,2006,0.9254385964912281
BHI-036,sprat_SDs22_32,2007,0.787719298245614
BHI-036,sprat_SDs22_32,2008,0.8078947368421052
BHI-036,sprat_SDs22_32,2009,0.7254385964912281
BHI-036,sprat_SDs22_32,2010,0.8315789473684211
BHI-036,sprat_SDs22_32,2011,0.6596491228070176
BHI-036,sprat_SDs22_32,2012,0.6087719298245614
BHI-036,sprat_SDs22_32,2013,0.6192982456140351
BHI-036,sprat_SDs22_32,2014,0.543859649122807
BHI-036,sprat_SDs22_32,2015,0.5964912280701754
BHI-036,sprat_SDs22_32,2016,0.9447368421052632
BHI-036,sprat_SDs22_32,2017,0.9605263157894737
BHI-036,sprat_SDs22_32,2018,0.8614035087719298
BHI-036,sprat_SDs22_32,2019,0.75
BHI-036,sprat_SDs22_32,2020,0.7166666666666667
BHI-037,sprat_SDs22_32,1974,0.8245614035087719
BHI-037,sprat_SDs22_32,1975,0.6368421052631579
BHI-037,sprat_SDs22_32,1976,0.5482456140350878
BHI-037,sprat_SDs22_32,1977,0.9157894736842105
BHI-037,sprat_SDs22_32,1978,0.6096491228070176
BHI-037,sprat_SDs22_32,1979,0.3307017543859649
BHI-037,sprat_SDs22_32,1980,0.19912280701754387
BHI-037,sprat_SDs22_32,1981,0.17456140350877192
BHI-037,sprat_SDs22_32,1982,0.22280701754385965
BHI-037,sprat_SDs22_32,1983,0.3456140350877193
BHI-037,sprat_SDs22_32,1984,0.5403508771929825
BHI-037,sprat_SDs22_32,1985,0.5307017543859649
BHI-037,sprat_SDs22_32,1986,0.5
BHI-037,sprat_SDs22_32,1987,0.4043859649122807
BHI-037,sprat_SDs22_32,1988,0.35350877192982455
BHI-037,sprat_SDs22_32,1989,0.37105263157894736
BHI-037,sprat_SDs22_32,1990,0.48771929824561405
BHI-037,sprat_SDs22_32,1991,0.6798245614035088
BHI-037,sprat_SDs22_32,1992,0.9166666666666666
BHI-037,sprat_SDs22_32,1993,1.1929824561403508
BHI-037,sprat_SDs22_32,1994,1.206140350877193
BHI-037,sprat_SDs22_32,1995,1.2535087719298246
BHI-037,sprat_SDs22_32,1996,1.5885964912280701
BHI-037,sprat_SDs22_32,1997,1.5587719298245615
BHI-037,sprat_SDs22_32,1998,1.187719298245614
BHI-037,sprat_SDs22_32,1999,1.186842105263158
BHI-037,sprat_SDs22_32,2000,1.157017543859649
BHI-037,sprat_SDs22_32,2001,1.0491228070175438
BHI-037,sprat_SDs22_32,2002,0.8263157894736842
BHI-037,sprat_SDs22_32,2003,0.7271929824561404
BHI-037,sprat_SDs22_32,2004,0.9122807017543859
BHI-037,sprat_SDs22_32,2005,1.1614035087719299
BHI-037,sprat_SDs22_32,2006,0.9254385964912281
BHI-037,sprat_SDs22_32,2007,0.787719298245614
BHI-037,sprat_SDs22_32,2008,0.8078947368421052
BHI-037,sprat_SDs22_32,2009,0.7254385964912281
BHI-037,sprat_SDs22_32,2010,0.8315789473684211
BHI-037,sprat_SDs22_32,2011,0.6596491228070176
BHI-037,sprat_SDs22_32,2012,0.6087719298245614
BHI-037,sprat_SDs22_32,2013,0.6192982456140351
BHI-037,sprat_SDs22_32,2014,0.543859649122807
BHI-037,sprat_SDs22_32,2015,0.5964912280701754
BHI-037,sprat_SDs22_32,2016,0.9447368421052632
BHI-037,sprat_SDs22_32,2017,0.9605263157894737
BHI-037,sprat_SDs22_32,2018,0.8614035087719298
BHI-037,sprat_SDs22_32,2019,0.75
BHI-037,sprat_SDs22_32,2020,0.7166666666666667
BHI-038,sprat_SDs22_32,1974,0.8245614035087719
BHI-038,sprat_SDs22_32,1975,0.6368421052631579
BHI-038,sprat_SDs22_32,1976,0.5482456140350878
BHI-038,sprat_SDs22_32,1977,0.9157894736842105
BHI-038,sprat_SDs22_32,1978,0.6096491228070176
BHI-038,sprat_SDs22_32,1979,0.3307017543859649
BHI-038,sprat_SDs22_32,1980,0.19912280701754387
BHI-038,sprat_SDs22_32,1981,0.17456140350877192
BHI-038,sprat_SDs22_32,1982,0.22280701754385965
BHI-038,sprat_SDs22_32,1983,0.3456140350877193
BHI-038,sprat_SDs22_32,1984,0.5403508771929825
BHI-038,sprat_SDs22_32,1985,0.5307017543859649
BHI-038,sprat_SDs22_32,1986,0.5
BHI-038,sprat_SDs22_32,1987,0.4043859649122807
BHI-038,sprat_SDs22_32,1988,0.35350877192982455
BHI-038,sprat_SDs22_32,1989,0.37105263157894736
BHI-038,sprat_SDs22_32,1990,0.48771929824561405
BHI-038,sprat_SDs22_32,1991,0.6798245614035088
BHI-038,sprat_SDs22_32,1992,0.9166666666666666
BHI-038,sprat_SDs22_32,1993,1.1929824561403508
BHI-038,sprat_SDs22_32,1994,1.206140350877193
BHI-038,sprat_SDs22_32,1995,1.2535087719298246
BHI-038,sprat_SDs22_32,1996,1.5885964912280701
BHI-038,sprat_SDs22_32,1997,1.5587719298245615
BHI-038,sprat_SDs22_32,1998,1.187719298245614
BHI-038,sprat_SDs22_32,1999,1.186842105263158
BHI-038,sprat_SDs22_32,2000,1.157017543859649
BHI-038,sprat_SDs22_32,2001,1.0491228070175438
BHI-038,sprat_SDs22_32,2002,0.8263157894736842
BHI-038,sprat_SDs22_32,2003,0.7271929824561404
BHI-038,sprat_SDs22_32,2004,0.9122807017543859
BHI-038,sprat_SDs22_32,2005,1.1614035087719299
BHI-038,sprat_SDs22_32,2006,0.9254385964912281
BHI-038,sprat_SDs22_32,2007,0.787719298245614
BHI-038,sprat_SDs22_32,2008,0.8078947368421052
BHI-038,sprat_SDs22_32,2009,0.7254385964912281
BHI-038,sprat_SDs22_32,2010,0.8315789473684211
BHI-038,sprat_SDs22_32,2011,0.6596491228070176
BHI-038,sprat_SDs22_32,2012,0.6087719298245614
BHI-038,sprat_SDs22_32,2013,0.6192982456140351
BHI-038,sprat_SDs22_32,2014,0.543859649122807
BHI-038,sprat_SDs22_32,2015,0.5964912280701754
BHI-038,sprat_SDs22_32,2016,0.9447368421052632
BHI-038,sprat_SDs22_32,2017,0.9605263157894737
BHI-038,sprat_SDs22_32,2018,0.8614035087719298
BHI-038,sprat_SDs22_32,2019,0.75
BHI-038,sprat_SDs22_32,2020,0.7166666666666667
BHI-039,sprat_SDs22_32,1974,0.8245614035087719
BHI-039,sprat_SDs22_32,1975,0.6368421052631579
BHI-039,sprat_SDs22_32,1976,0.5482456140350878
BHI-039,sprat_SDs22_32,1977,0.9157894736842105
BHI-039,sprat_SDs22_32,1978,0.6096491228070176
BHI-039,sprat_SDs22_32,1979,0.3307017543859649
BHI-039,sprat_SDs22_32,1980,0.19912280701754387
BHI-039,sprat_SDs22_32,1981,0.17456140350877192
BHI-039,sprat_SDs22_32,1982,0.22280701754385965
BHI-039,sprat_SDs22_32,1983,0.3456140350877193
BHI-039,sprat_SDs22_32,1984,0.5403508771929825
BHI-039,sprat_SDs22_32,1985,0.5307017543859649
BHI-039,sprat_SDs22_32,1986,0.5
BHI-039,sprat_SDs22_32,1987,0.4043859649122807
BHI-039,sprat_SDs22_32,1988,0.35350877192982455
BHI-039,sprat_SDs22_32,1989,0.37105263157894736
BHI-039,sprat_SDs22_32,1990,0.48771929824561405
BHI-039,sprat_SDs22_32,1991,0.6798245614035088
BHI-039,sprat_SDs22_32,1992,0.9166666666666666
BHI-039,sprat_SDs22_32,1993,1.1929824561403508
BHI-039,sprat_SDs22_32,1994,1.206140350877193
BHI-039,sprat_SDs22_32,1995,1.2535087719298246
BHI-039,sprat_SDs22_32,1996,1.5885964912280701
BHI-039,sprat_SDs22_32,1997,1.5587719298245615
BHI-039,sprat_SDs22_32,1998,1.187719298245614
BHI-039,sprat_SDs22_32,1999,1.186842105263158
BHI-039,sprat_SDs22_32,2000,1.157017543859649
BHI-039,sprat_SDs22_32,2001,1.0491228070175438
BHI-039,sprat_SDs22_32,2002,0.8263157894736842
BHI-039,sprat_SDs22_32,2003,0.7271929824561404
BHI-039,sprat_SDs22_32,2004,0.9122807017543859
BHI-039,sprat_SDs22_32,2005,1.1614035087719299
BHI-039,sprat_SDs22_32,2006,0.9254385964912281
BHI-039,sprat_SDs22_32,2007,0.787719298245614
BHI-039,sprat_SDs22_32,2008,0.8078947368421052
BHI-039,sprat_SDs22_32,2009,0.7254385964912281
BHI-039,sprat_SDs22_32,2010,0.8315789473684211
BHI-039,sprat_SDs22_32,2011,0.6596491228070176
BHI-039,sprat_SDs22_32,2012,0.6087719298245614
BHI-039,sprat_SDs22_32,2013,0.6192982456140351
BHI-039,sprat_SDs22_32,2014,0.543859649122807
BHI-039,sprat_SDs22_32,2015,0.5964912280701754
BHI-039,sprat_SDs22_32,2016,0.9447368421052632
BHI-039,sprat_SDs22_32,2017,0.9605263157894737
BHI-039,sprat_SDs22_32,2018,0.8614035087719298
BHI-039,sprat_SDs22_32,2019,0.75
BHI-039,sprat_SDs22_32,2020,0.7166666666666667
BHI-040,sprat_SDs22_32,1974,0.8245614035087719
BHI-040,sprat_SDs22_32,1975,0.6368421052631579
BHI-040,sprat_SDs22_32,1976,0.5482456140350878
BHI-040,sprat_SDs22_32,1977,0.9157894736842105
BHI-040,sprat_SDs22_32,1978,0.6096491228070176
BHI-040,sprat_SDs22_32,1979,0.3307017543859649
BHI-040,sprat_SDs22_32,1980,0.19912280701754387
BHI-040,sprat_SDs22_32,1981,0.17456140350877192
BHI-040,sprat_SDs22_32,1982,0.22280701754385965
BHI-040,sprat_SDs22_32,1983,0.3456140350877193
BHI-040,sprat_SDs22_32,1984,0.5403508771929825
BHI-040,sprat_SDs22_32,1985,0.5307017543859649
BHI-040,sprat_SDs22_32,1986,0.5
BHI-040,sprat_SDs22_32,1987,0.4043859649122807
BHI-040,sprat_SDs22_32,1988,0.35350877192982455
BHI-040,sprat_SDs22_32,1989,0.37105263157894736
BHI-040,sprat_SDs22_32,1990,0.48771929824561405
BHI-040,sprat_SDs22_32,1991,0.6798245614035088
BHI-040,sprat_SDs22_32,1992,0.9166666666666666
BHI-040,sprat_SDs22_32,1993,1.1929824561403508
BHI-040,sprat_SDs22_32,1994,1.206140350877193
BHI-040,sprat_SDs22_32,1995,1.2535087719298246
BHI-040,sprat_SDs22_32,1996,1.5885964912280701
BHI-040,sprat_SDs22_32,1997,1.5587719298245615
BHI-040,sprat_SDs22_32,1998,1.187719298245614
BHI-040,sprat_SDs22_32,1999,1.186842105263158
BHI-040,sprat_SDs22_32,2000,1.157017543859649
BHI-040,sprat_SDs22_32,2001,1.0491228070175438
BHI-040,sprat_SDs22_32,2002,0.8263157894736842
BHI-040,sprat_SDs22_32,2003,0.7271929824561404
BHI-040,sprat_SDs22_32,2004,0.9122807017543859
BHI-040,sprat_SDs22_32,2005,1.1614035087719299
BHI-040,sprat_SDs22_32,2006,0.9254385964912281
BHI-040,sprat_SDs22_32,2007,0.787719298245614
BHI-040,sprat_SDs22_32,2008,0.8078947368421052
BHI-040,sprat_SDs22_32,2009,0.7254385964912281
BHI-040,sprat_SDs22_32,2010,0.8315789473684211
BHI-040,sprat_SDs22_32,2011,0.6596491228070176
BHI-040,sprat_SDs22_32,2012,0.6087719298245614
BHI-040,sprat_SDs22_32,2013,0.6192982456140351
BHI-040,sprat_SDs22_32,2014,0.543859649122807
BHI-040,sprat_SDs22_32,2015,0.5964912280701754
BHI-040,sprat_SDs22_32,2016,0.9447368421052632
BHI-040,sprat_SDs22_32,2017,0.9605263157894737
BHI-040,sprat_SDs22_32,2018,0.8614035087719298
BHI-040,sprat_SDs22_32,2019,0.75
BHI-040,sprat_SDs22_32,2020,0.7166666666666667
BHI-041,sprat_SDs22_32,1974,0.8245614035087719
BHI-041,sprat_SDs22_32,1975,0.6368421052631579
BHI-041,sprat_SDs22_32,1976,0.5482456140350878
BHI-041,sprat_SDs22_32,1977,0.9157894736842105
BHI-041,sprat_SDs22_32,1978,0.6096491228070176
BHI-041,sprat_SDs22_32,1979,0.3307017543859649
BHI-041,sprat_SDs22_32,1980,0.19912280701754387
BHI-041,sprat_SDs22_32,1981,0.17456140350877192
BHI-041,sprat_SDs22_32,1982,0.22280701754385965
BHI-041,sprat_SDs22_32,1983,0.3456140350877193
BHI-041,sprat_SDs22_32,1984,0.5403508771929825
BHI-041,sprat_SDs22_32,1985,0.5307017543859649
BHI-041,sprat_SDs22_32,1986,0.5
BHI-041,sprat_SDs22_32,1987,0.4043859649122807
BHI-041,sprat_SDs22_32,1988,0.35350877192982455
BHI-041,sprat_SDs22_32,1989,0.37105263157894736
BHI-041,sprat_SDs22_32,1990,0.48771929824561405
BHI-041,sprat_SDs22_32,1991,0.6798245614035088
BHI-041,sprat_SDs22_32,1992,0.9166666666666666
BHI-041,sprat_SDs22_32,1993,1.1929824561403508
BHI-041,sprat_SDs22_32,1994,1.206140350877193
BHI-041,sprat_SDs22_32,1995,1.2535087719298246
BHI-041,sprat_SDs22_32,1996,1.5885964912280701
BHI-041,sprat_SDs22_32,1997,1.5587719298245615
BHI-041,sprat_SDs22_32,1998,1.187719298245614
BHI-041,sprat_SDs22_32,1999,1.186842105263158
BHI-041,sprat_SDs22_32,2000,1.157017543859649
BHI-041,sprat_SDs22_32,2001,1.0491228070175438
BHI-041,sprat_SDs22_32,2002,0.8263157894736842
BHI-041,sprat_SDs22_32,2003,0.7271929824561404
BHI-041,sprat_SDs22_32,2004,0.9122807017543859
BHI-041,sprat_SDs22_32,2005,1.1614035087719299
BHI-041,sprat_SDs22_32,2006,0.9254385964912281
BHI-041,sprat_SDs22_32,2007,0.787719298245614
BHI-041,sprat_SDs22_32,2008,0.8078947368421052
BHI-041,sprat_SDs22_32,2009,0.7254385964912281
BHI-041,sprat_SDs22_32,2010,0.8315789473684211
BHI-041,sprat_SDs22_32,2011,0.6596491228070176
BHI-041,sprat_SDs22_32,2012,0.6087719298245614
BHI-041,sprat_SDs22_32,2013,0.6192982456140351
BHI-041,sprat_SDs22_32,2014,0.543859649122807
BHI-041,sprat_SDs22_32,2015,0.5964912280701754
BHI-041,sprat_SDs22_32,2016,0.9447368421052632
BHI-041,sprat_SDs22_32,2017,0.9605263157894737
BHI-041,sprat_SDs22_32,2018,0.8614035087719298
BHI-041,sprat_SDs22_32,2019,0.75
BHI-041,sprat_SDs22_32,2020,0.7166666666666667
BHI-042,sprat_SDs22_32,1974,0.8245614035087719
BHI-042,sprat_SDs22_32,1975,0.6368421052631579
BHI-042,sprat_SDs22_32,1976,0.5482456140350878
BHI-042,sprat_SDs22_32,1977,0.9157894736842105
BHI-042,sprat_SDs22_32,1978,0.6096491228070176
BHI-042,sprat_SDs22_32,1979,0.3307017543859649
BHI-042,sprat_SDs22_32,1980,0.19912280701754387
BHI-042,sprat_SDs22_32,1981,0.17456140350877192
BHI-042,sprat_SDs22_32,1982,0.22280701754385965
BHI-042,sprat_SDs22_32,1983,0.3456140350877193
BHI-042,sprat_SDs22_32,1984,0.5403508771929825
BHI-042,sprat_SDs22_32,1985,0.5307017543859649
BHI-042,sprat_SDs22_32,1986,0.5
BHI-042,sprat_SDs22_32,1987,0.4043859649122807
BHI-042,sprat_SDs22_32,1988,0.35350877192982455
BHI-042,sprat_SDs22_32,1989,0.37105263157894736
BHI-042,sprat_SDs22_32,1990,0.48771929824561405
BHI-042,sprat_SDs22_32,1991,0.6798245614035088
BHI-042,sprat_SDs22_32,1992,0.9166666666666666
BHI-042,sprat_SDs22_32,1993,1.1929824561403508
BHI-042,sprat_SDs22_32,1994,1.206140350877193
BHI-042,sprat_SDs22_32,1995,1.2535087719298246
BHI-042,sprat_SDs22_32,1996,1.5885964912280701
BHI-042,sprat_SDs22_32,1997,1.5587719298245615
BHI-042,sprat_SDs22_32,1998,1.187719298245614
BHI-042,sprat_SDs22_32,1999,1.186842105263158
BHI-042,sprat_SDs22_32,2000,1.157017543859649
BHI-042,sprat_SDs22_32,2001,1.0491228070175438
BHI-042,sprat_SDs22_32,2002,0.8263157894736842
BHI-042,sprat_SDs22_32,2003,0.7271929824561404
BHI-042,sprat_SDs22_32,2004,0.9122807017543859
BHI-042,sprat_SDs22_32,2005,1.1614035087719299
BHI-042,sprat_SDs22_32,2006,0.9254385964912281
BHI-042,sprat_SDs22_32,2007,0.787719298245614
BHI-042,sprat_SDs22_32,2008,0.8078947368421052
BHI-042,sprat_SDs22_32,2009,0.7254385964912281
BHI-042,sprat_SDs22_32,2010,0.8315789473684211
BHI-042,sprat_SDs22_32,2011,0.6596491228070176
BHI-042,sprat_SDs22_32,2012,0.6087719298245614
BHI-042,sprat_SDs22_32,2013,0.6192982456140351
BHI-042,sprat_SDs22_32,2014,0.543859649122807
BHI-042,sprat_SDs22_32,2015,0.5964912280701754
BHI-042,sprat_SDs22_32,2016,0.9447368421052632
BHI-042,sprat_SDs22_32,2017,0.9605263157894737
BHI-042,sprat_SDs22_32,2018,0.8614035087719298
BHI-042,sprat_SDs22_32,2019,0.75
BHI-042,sprat_SDs22_32,2020,0.7166666666666667
BHI-043,sprat_SDs22_32,1974,0.8245614035087719
BHI-043,sprat_SDs22_32,1975,0.6368421052631579
BHI-043,sprat_SDs22_32,1976,0.5482456140350878
BHI-043,sprat_SDs22_32,1977,0.9157894736842105
BHI-043,sprat_SDs22_32,1978,0.6096491228070176
BHI-043,sprat_SDs22_32,1979,0.3307017543859649
BHI-043,sprat_SDs22_32,1980,0.19912280701754387
BHI-043,sprat_SDs22_32,1981,0.17456140350877192
BHI-043,sprat_SDs22_32,1982,0.22280701754385965
BHI-043,sprat_SDs22_32,1983,0.3456140350877193
BHI-043,sprat_SDs22_32,1984,0.5403508771929825
BHI-043,sprat_SDs22_32,1985,0.5307017543859649
BHI-043,sprat_SDs22_32,1986,0.5
BHI-043,sprat_SDs22_32,1987,0.4043859649122807
BHI-043,sprat_SDs22_32,1988,0.35350877192982455
BHI-043,sprat_SDs22_32,1989,0.37105263157894736
BHI-043,sprat_SDs22_32,1990,0.48771929824561405
BHI-043,sprat_SDs22_32,1991,0.6798245614035088
BHI-043,sprat_SDs22_32,1992,0.9166666666666666
BHI-043,sprat_SDs22_32,1993,1.1929824561403508
BHI-043,sprat_SDs22_32,1994,1.206140350877193
BHI-043,sprat_SDs22_32,1995,1.2535087719298246
BHI-043,sprat_SDs22_32,1996,1.5885964912280701
BHI-043,sprat_SDs22_32,1997,1.5587719298245615
BHI-043,sprat_SDs22_32,1998,1.187719298245614
BHI-043,sprat_SDs22_32,1999,1.186842105263158
BHI-043,sprat_SDs22_32,2000,1.157017543859649
BHI-043,sprat_SDs22_32,2001,1.0491228070175438
BHI-043,sprat_SDs22_32,2002,0.8263157894736842
BHI-043,sprat_SDs22_32,2003,0.7271929824561404
BHI-043,sprat_SDs22_32,2004,0.9122807017543859
BHI-043,sprat_SDs22_32,2005,1.1614035087719299
BHI-043,sprat_SDs22_32,2006,0.9254385964912281
BHI-043,sprat_SDs22_32,2007,0.787719298245614
BHI-043,sprat_SDs22_32,2008,0.8078947368421052
BHI-043,sprat_SDs22_32,2009,0.7254385964912281
BHI-043,sprat_SDs22_32,2010,0.8315789473684211
BHI-043,sprat_SDs22_32,2011,0.6596491228070176
BHI-043,sprat_SDs22_32,2012,0.6087719298245614
BHI-043,sprat_SDs22_32,2013,0.6192982456140351
BHI-043,sprat_SDs22_32,2014,0.543859649122807
BHI-043,sprat_SDs22_32,2015,0.5964912280701754
BHI-043,sprat_SDs22_32,2016,0.9447368421052632
BHI-043,sprat_SDs22_32,2017,0.9605263157894737
BHI-043,sprat_SDs22_32,2018,0.8614035087719298
BHI-043,sprat_SDs22_32,2019,0.75
BHI-043,sprat_SDs22_32,2020,0.7166666666666667
